nome,channel_id,inscritos,faixa,nicho,link,fonte_da_descoberta,aprovado
Primo Rico,UCT4nDeU5pv1XIGySbSK-GgA,a conferir,grande (estimada),investimento geral,https://www.youtube.com/channel/UCT4nDeU5pv1XIGySbSK-GgA,radar atual (video_radar_channels.json; nome e ID do arquivo); comentários (25 menções),
Inteligência Financeira,UCzHMlWXyBlCjhYGEI1bq9Zw,a conferir,médio (estimada),investimento geral,https://www.youtube.com/channel/UCzHMlWXyBlCjhYGEI1bq9Zw,radar atual (video_radar_channels.json; nome e ID do arquivo),
Genial Educação,UCYSOMA4Yx1CJvrdI8epLfnA,a conferir,médio (estimada),investimento geral,https://www.youtube.com/channel/UCYSOMA4Yx1CJvrdI8epLfnA,radar atual (video_radar_channels.json; nome e ID do arquivo) (corretora: monitorar sem citar no conteúdo),
Suno Research,UCWDeEIDAIi_oYKDiqwfGyRg,a conferir,grande (estimada),ações,https://www.youtube.com/channel/UCWDeEIDAIi_oYKDiqwfGyRg,radar atual (video_radar_channels.json; nome e ID do arquivo),
Tiago Reis — Suno,UCwONybZQdULFV_ts2911Rqg,a conferir,médio (estimada),ações,https://www.youtube.com/channel/UCwONybZQdULFV_ts2911Rqg,radar atual (video_radar_channels.json; nome e ID do arquivo); busca web,
Bastter,UCsra3f6ogpXhIZbSUe2OoaA,a conferir,médio (estimada),ações,https://www.youtube.com/channel/UCsra3f6ogpXhIZbSUe2OoaA,radar atual (video_radar_channels.json; nome e ID do arquivo),
Empiricus,UCu79AeVqrq42vmSIp1OHyfA,a conferir,grande (estimada),ações,https://www.youtube.com/channel/UCu79AeVqrq42vmSIp1OHyfA,"radar atual (video_radar_channels.json; nome e ID do arquivo) (1,14 mi na auditoria de 23/08/2026)",
Nord Research,UCsU0E4F3RxVOSjWlIMieReA,a conferir,médio (estimada),ações,https://www.youtube.com/channel/UCsU0E4F3RxVOSjWlIMieReA,radar atual (video_radar_channels.json; nome e ID do arquivo),
EQI Research,UCDgjz9zKWOPkLssfgimJkYA,a conferir,pequeno (estimada),investimento geral,https://www.youtube.com/channel/UCDgjz9zKWOPkLssfgimJkYA,radar atual (video_radar_channels.json; nome e ID do arquivo) (casa do Denis),
Bruno OM,UC7BsIosUdCz1utgm1Df1y_A,a conferir,médio (estimada),FII,https://www.youtube.com/channel/UC7BsIosUdCz1utgm1Df1y_A,radar atual (video_radar_channels.json; nome e ID do arquivo),
Investidor Sardinha,UCM3vJxmuJJkk1r0yzFI9eZg,a conferir,grande (estimada),investimento geral,https://www.youtube.com/channel/UCM3vJxmuJJkk1r0yzFI9eZg,radar atual (video_radar_channels.json; nome e ID do arquivo); busca web; comentários (19 menções),
Lucas FII,UClmrZELCfAbZNzpl6rAT0gw,a conferir,médio (estimada),FII,https://www.youtube.com/channel/UClmrZELCfAbZNzpl6rAT0gw,radar atual (video_radar_channels.json; nome e ID do arquivo); busca web,
Clube do Valor,UCnBNoed6NaPlpL8blj1yy8Q,a conferir,médio (estimada),ações,https://www.youtube.com/channel/UCnBNoed6NaPlpL8blj1yy8Q,radar atual (video_radar_channels.json; nome e ID do arquivo),
Geração Dividendos,UCzLAzI6Q-0WX2IbKfLmtZUw,a conferir,grande (estimada),dividendos,https://www.youtube.com/channel/UCzLAzI6Q-0WX2IbKfLmtZUw,radar atual (video_radar_channels.json; nome e ID do arquivo); busca web (600 mil+ citado),
André Bona,UCu7a5rOuk4K1AJzSIaku5Hw,a conferir,médio (estimada),investimento geral,https://www.youtube.com/channel/UCu7a5rOuk4K1AJzSIaku5Hw,radar atual (video_radar_channels.json; nome e ID do arquivo); busca web,
Viva de Renda FII,UCdF6r7aj20cuZvwscvUkugw,a conferir,pequeno (estimada),FII,https://www.youtube.com/channel/UCdF6r7aj20cuZvwscvUkugw,radar atual (video_radar_channels.json; nome e ID do arquivo),
Caio Souto,UC1YQHF4KQUn8uVh9HtT-VTw,a conferir,médio (estimada),investimento geral,https://www.youtube.com/channel/UC1YQHF4KQUn8uVh9HtT-VTw,radar atual (video_radar_channels.json; nome e ID do arquivo),
Bruno Perini,UCCE-jo1GvBJqyj1b287h7jA,a conferir,grande (estimada),renda mensal,https://www.youtube.com/channel/UCCE-jo1GvBJqyj1b287h7jA,radar atual (video_radar_channels.json; nome e ID do arquivo),
AGF,UC_Uv10ZCAPgsbTOOBzSKk1w,a conferir,grande (estimada),dividendos,https://www.youtube.com/channel/UC_Uv10ZCAPgsbTOOBzSKk1w,"radar atual (video_radar_channels.json; nome e ID do arquivo); busca web; comentários (Barsi, 20 menções)",
Dani Mengue,UCZE5espnlDl2dDRXD2XLMLg,a conferir,pequeno (estimada),investimento geral,https://www.youtube.com/channel/UCZE5espnlDl2dDRXD2XLMLg,radar atual (video_radar_channels.json; nome e ID do arquivo),
Gêmeos Investem,UC-hA65Fjv5X8h-J92zc_L8Q,a conferir,médio (estimada),dividendos,https://www.youtube.com/channel/UC-hA65Fjv5X8h-J92zc_L8Q,radar atual (video_radar_channels.json; nome e ID do arquivo),
Invista para Vencer,UCooU_1qyHEGlkbmdjnwdvhw,a conferir,pequeno (estimada),investimento geral,https://www.youtube.com/channel/UCooU_1qyHEGlkbmdjnwdvhw,radar atual (video_radar_channels.json; nome e ID do arquivo),
Money Makers,UCbRMcBgqD1BjWUWffwzvlnQ,a conferir,médio (estimada),ações,https://www.youtube.com/channel/UCbRMcBgqD1BjWUWffwzvlnQ,radar atual (video_radar_channels.json; nome e ID do arquivo),
lore.invest,UCBrk5lmoPd1iIObQh_gcMHQ,a conferir,pequeno (estimada),investimento geral,https://www.youtube.com/channel/UCBrk5lmoPd1iIObQh_gcMHQ,radar atual (video_radar_channels.json; nome e ID do arquivo),
Clube FII,UC_EgIutU-5PluzZ0fzWppog,a conferir,médio (estimada),FII,https://www.youtube.com/channel/UC_EgIutU-5PluzZ0fzWppog,radar atual (video_radar_channels.json; nome e ID do arquivo); busca web,
Professor Baroni | Fundos Imobiliários (FIIs),UCSXdP8V4jRaw-8YMTpa6glw,a conferir,médio (estimada),FII,https://www.youtube.com/channel/UCSXdP8V4jRaw-8YMTpa6glw,radar atual (video_radar_channels.json; nome e ID do arquivo); busca web,
Thiago Barboza - Viver de Dividendos,UCU_UT4dJbSSPfTK52Yz9Agw,a conferir,médio (estimada),renda mensal,https://www.youtube.com/channel/UCU_UT4dJbSSPfTK52Yz9Agw,radar atual (video_radar_channels.json; nome e ID do arquivo); busca web,
Mestre da Riqueza,UCteJrv6W7MWB5SoRvfjF36Q,a conferir,médio (estimada),investimento geral,https://www.youtube.com/channel/UCteJrv6W7MWB5SoRvfjF36Q,radar atual (video_radar_channels.json; nome e ID do arquivo),
Investimento em AÇÃO,UCGAIzSl-u7nF1xJsSNjVwDQ,a conferir,pequeno (estimada),ações,https://www.youtube.com/channel/UCGAIzSl-u7nF1xJsSNjVwDQ,radar atual (video_radar_channels.json; nome e ID do arquivo),
Top Ações,UCUlDdZgTNDGVpe4BUt8MoAA,a conferir,pequeno (estimada),ações,https://www.youtube.com/channel/UCUlDdZgTNDGVpe4BUt8MoAA,radar atual (video_radar_channels.json; nome e ID do arquivo),
Valor em Ação,UCfh05yB0VcfOslF_MbdZbNw,a conferir,pequeno (estimada),ações,https://www.youtube.com/channel/UCfh05yB0VcfOslF_MbdZbNw,radar atual (video_radar_channels.json; nome e ID do arquivo),
Sofia Abreu - Servidor que Investe,UCkyqS-UUY5LCXG6wja4xWlQ,a conferir,pequeno (estimada),Tesouro e renda fixa,https://www.youtube.com/channel/UCkyqS-UUY5LCXG6wja4xWlQ,radar atual (video_radar_channels.json; nome e ID do arquivo),
Primo Teimoso,UCo7w6-xPa07-i5IFin_S8lw,a conferir,pequeno (estimada),investimento geral,https://www.youtube.com/channel/UCo7w6-xPa07-i5IFin_S8lw,radar atual (video_radar_channels.json; nome e ID do arquivo),
Magno Lima +Renda Passiva,UCgqjUNdYXQO7G_piKEGmnXg,a conferir,pequeno (estimada),renda mensal,https://www.youtube.com/channel/UCgqjUNdYXQO7G_piKEGmnXg,radar atual (video_radar_channels.json; nome e ID do arquivo),
Renda Com Dividendos | Lucas Santos,UC-ezuc6BSkMhdPIoaEU8S1g,a conferir,pequeno (estimada),dividendos,https://www.youtube.com/channel/UC-ezuc6BSkMhdPIoaEU8S1g,radar atual (video_radar_channels.json; nome e ID do arquivo),
O Primo Primata,UC1TsTSOHou3Z5Mh_oKN1ZCA,a conferir,pequeno (estimada),investimento geral,https://www.youtube.com/channel/UC1TsTSOHou3Z5Mh_oKN1ZCA,radar atual (video_radar_channels.json; nome e ID do arquivo),
1Bilhão Educação Financeira,UC6606Ii5KF0hUO8SLzyvsOQ,a conferir,médio (estimada),investimento geral,https://www.youtube.com/channel/UC6606Ii5KF0hUO8SLzyvsOQ,radar atual (video_radar_channels.json; nome e ID do arquivo),
Escola Invest,UC27KgeI6mEXrWfTpSh7PrZw,a conferir,pequeno (estimada),investimento geral,https://www.youtube.com/channel/UC27KgeI6mEXrWfTpSh7PrZw,radar atual (video_radar_channels.json; nome e ID do arquivo),
Professor Mira,UCh9KlFGQArzynG9JcPMPdZg,a conferir,pequeno (estimada),FII,https://www.youtube.com/channel/UCh9KlFGQArzynG9JcPMPdZg,radar atual (video_radar_channels.json; nome e ID do arquivo),
TopInvest Educação Financeira,UCgn_I-nMG1EL6Oc6e-BfscA,a conferir,médio (estimada),investimento geral,https://www.youtube.com/channel/UCgn_I-nMG1EL6Oc6e-BfscA,radar atual (video_radar_channels.json; nome e ID do arquivo),
Gustavo Cerbasi,UC_mSfchV-fgpPy-vuwML8_A,a conferir,grande (estimada),investimento geral,https://www.youtube.com/channel/UC_mSfchV-fgpPy-vuwML8_A,radar atual (video_radar_channels.json; nome e ID do arquivo),
Mirai Investing - Luan Lincoln,UCEKwGLsLHb2rGwQlq0Gamuw,a conferir,pequeno (estimada),investimento geral,https://www.youtube.com/channel/UCEKwGLsLHb2rGwQlq0Gamuw,radar atual (video_radar_channels.json; nome e ID do arquivo),
Neto Invest,UCiHUp5cRkjcItPdldyJgd4Q,a conferir,pequeno (estimada),investimento geral,https://www.youtube.com/channel/UCiHUp5cRkjcItPdldyJgd4Q,radar atual (video_radar_channels.json; nome e ID do arquivo),
Canal do Holder,UCJIcpGAVfGIVgHSQ6oCcrXg,a conferir,médio (estimada),ações,https://www.youtube.com/channel/UCJIcpGAVfGIVgHSQ6oCcrXg,radar atual (video_radar_channels.json; nome e ID do arquivo); busca web,
PrimoCast,UCfMA8s_QXPPcuOTjTDFb4vA,a conferir,médio (estimada),investimento geral,https://www.youtube.com/channel/UCfMA8s_QXPPcuOTjTDFb4vA,radar atual (video_radar_channels.json; nome e ID do arquivo),
A Cara da Riqueza,UC3Z2XdKUu21_KtMsohZedOQ,a conferir,pequeno (estimada),a conferir,https://www.youtube.com/channel/UC3Z2XdKUu21_KtMsohZedOQ,radar atual (video_radar_channels.json; nome e ID do arquivo),
Investimentos em Evidência,UCW_d73BuDD29b7yI7kUnaYw,a conferir,pequeno (estimada),a conferir,https://www.youtube.com/channel/UCW_d73BuDD29b7yI7kUnaYw,radar atual (video_radar_channels.json; nome e ID do arquivo),
Eitonilda,UCIeL1JF5Q7ALE1qOGPJBm5w,a conferir,pequeno (estimada),a conferir,https://www.youtube.com/channel/UCIeL1JF5Q7ALE1qOGPJBm5w,radar atual (video_radar_channels.json; nome e ID do arquivo),
Produtividade Financeira - Renan,UCrNz-1bDMP0ktSSCMgl4tWg,a conferir,médio (estimada),investimento geral,https://www.youtube.com/channel/UCrNz-1bDMP0ktSSCMgl4tWg,"radar atual (desativados: candidato a substituto do Meu Dinheiro Produtivo, ~139 mil na API em 23/08/2026)",
FII FACIL,UCm9qJivLunYLVpFKrs-9GMg,a conferir,pequeno (estimada),FII,https://www.youtube.com/channel/UCm9qJivLunYLVpFKrs-9GMg,busca web,
Mundo FII,UChdogJkxjd2BKbF4dXwkL3w,a conferir,pequeno (estimada),FII,https://www.youtube.com/channel/UChdogJkxjd2BKbF4dXwkL3w,busca web (fiis.com.br / busca),
Top Dividendos,UCT-TCBibWw4INyWpPGYtQ3w,a conferir,pequeno (estimada),dividendos,https://www.youtube.com/channel/UCT-TCBibWw4INyWpPGYtQ3w,busca web,
Conversa com Barsi,UCHYVXyR9ZiR4Tve_71jMz1g,a conferir,pequeno (estimada),dividendos,https://www.youtube.com/channel/UCHYVXyR9ZiR4Tve_71jMz1g,"busca web; comentários (Barsi, 20 menções)",
Funds Explorer,,a conferir,médio (estimada),FII,https://www.youtube.com/c/FundsExplorer,busca web (fiis.com.br: 5 canais de FII); link youtube.com/c/FundsExplorer,
Fiique Tranquilo,,a conferir,pequeno (estimada),FII,,busca web (carteiradevalores.com.br; einvestir.com.br),
Economista Sincero,,a conferir,grande (estimada),investimento geral,,"busca web (sagoinvestimentos.com.br); comentários (""Charles"", 11 menções)",
Dica de Hoje - Daniel Nigri,,a conferir,médio (estimada),ações,,busca web (sagoinvestimentos.com.br),
Rafael Seabra,,a conferir,médio (estimada),investimento geral,,busca web (sagoinvestimentos.com.br),
Papai Investidor,,a conferir,pequeno (estimada),Tesouro e renda fixa,,busca web (educacaofinanceirabrasil.com.br),
EconoMirna,,a conferir,médio (estimada),Tesouro e renda fixa,,busca web (educacaofinanceirabrasil.com.br),
