destino,titulo,motivo,links_que_receberia,substituto
/abev3-copa-2026-vale-investir-pausa-hidratacao/,ABEV3 na Copa 2026: a cerveja grátis do Ancelotti já foi pro preço?,"endereço com ""vale investir""",2,
/ambev-abev3-resultado-1t26-vale-a-pena-investir/,Ambev (ABEV3) em 2026: os números que o mercado ainda não precificou,"endereço com ""vale a pena""",2,
/banco-do-brasil-bbas3-corte-dividendo-payout-2026/,Banco do Brasil (BBAS3) ainda vale a pena para dividendos em 2026?,"título com ""vale a pena"" (RECOMENDACAO_TITULO); está no site-ativos/posts-para-refresh.csv",2,/bbas3-resultado-2t-cartao-de-credito-inadimplencia/
/banco-do-brasil-ou-itau-melhor-acao-dividendos-2026/,Banco do Brasil (BBAS3) ou Itaú (ITUB4): qual a melhor ação para dividendos em 2026?,"título com ""qual a melhor"" (RECOMENDACAO_TITULO); endereço com ""melhor acao""",2,
/bbas3-roe-abaixo-selic-banco-do-brasil-dividendos-2026/,Vale a Pena Manter BBAS3 em 2026? O Banco do Brasil que Rende Menos que o Tesouro Selic,"título com ""Vale a Pena"" (RECOMENDACAO_TITULO); está no site-ativos/posts-para-refresh.csv",2,
/o-melhor-etf-de-bitcoin-da-b3-hodl11-comparacao-completa-com-bith11-qbtc11-e-biti11/,"O Melhor ETF de Bitcoin da B3: HODL11. Comparação Completa com BITH11, QBTC11 e BITI11","título com ""Melhor ETF"" (RECOMENDACAO_TITULO); endereço com ""melhor etf""",2,
/bbse3-cxse3-pssa3-melhor-seguradora-dividendos/,BBSE3 vs CXSE3 vs PSSA3: qual é a melhor seguradora para dividendos?,"título com ""qual é a melhor"" (RECOMENDACAO_TITULO); endereço com ""melhor seguradora""",1,
/bradsaude-saud3-lucro-sobe-acao-cai-sinistralidade/,Bradsaúde (SAUD3) lucrou 25% a mais e a ação caiu 8%: vale a pena investir?,"título com ""vale a pena"" (RECOMENDACAO_TITULO)",1,
/copel-cple3-dividendo-cortado-vale-a-pena-investir/,Vale a pena investir em Copel (CPLE3) mesmo com o dividendo cortado?,"título com ""Vale a pena"" (RECOMENDACAO_TITULO); endereço com ""vale a pena""",1,
/cxse3-bbse3-rebaixamento-jpmorgan-vale-a-pena/,Vale a pena investir em CXSE3 e BBSE3 depois do rebaixamento do JPMorgan?,"título com ""Vale a pena"" (RECOMENDACAO_TITULO); endereço com ""vale a pena""",1,
/ipo-compass-pass3-vale-a-pena-investir/,IPO da Compass (PASS3): Vale a Pena Investir ou É Cilada?,"título com ""Vale a Pena"" (RECOMENDACAO_TITULO); endereço com ""vale a pena""",1,/pass3-compass-ipo-conflito-de-interesse-bancos-coordenadores/
/opa-santander-brasil-sanb11-minoritario-refem/,OPA do Santander (SANB11): vale a pena aceitar a troca de ações?,"título com ""vale a pena"" (RECOMENDACAO_TITULO)",1,
/trxf11-faria-lima-dos-galpoes-vale-o-hype/,"TRXF11 pagou R$1,43 bilhão num galpão — vale a pena investir?","título com ""vale a pena"" (RECOMENDACAO_TITULO); está no site-ativos/posts-para-refresh.csv",1,/trxf11-buraco-22-reais-cota-compensacao-de-creditos/
/vale3-cobre-ia-vale-a-pena-investir/,VALE3 vale a pena em 2026? O motivo da alta não é o ferro de sempre,"título com ""vale a pena"" (RECOMENDACAO_TITULO); endereço com ""vale a pena""; está no site-ativos/posts-para-refresh.csv",1,
/vivt3-dividendos-conta-celular-gratis-para-sempre/,"Vale a Pena Comprar VIVT3? Com R$ 18 mil, a Vivo Paga Sua Conta de Celular Para Sempre","título com ""Vale a Pena"" (RECOMENDACAO_TITULO)",1,
/weg-wege3-lucro-cai-acao-sobe-vale-a-pena-investir/,WEG (WEGE3): vale a pena investir depois do lucro cair e a ação subir 7%?,"título com ""vale a pena"" (RECOMENDACAO_TITULO); endereço com ""vale a pena""",1,
/%f0%9f%9a%80-tesla-tsla34-vale-a-pena-descubra-se-ainda-faz-sentido-investir-em-2025/,🚀 Tesla (TSLA34) Vale a Pena? Descubra se Ainda Faz Sentido Investir em 2025!,"título com ""Vale a Pena"" (RECOMENDACAO_TITULO); endereço com ""vale a pena""",0,
/auau3-petz-cobasi-sinergia-vale-a-pena-investir/,AUAU3 vale a pena investir? A fusão Petz+Cobasi prometeu R$330 milhões e entregou menos,"título com ""vale a pena"" (RECOMENDACAO_TITULO); endereço com ""vale a pena""",0,
/aura-minerals-aura33-vale-a-pena-investir-turnaround/,Aura Minerals (AURA33): Vale a Pena Investir no Turnaround que o Mercado Ignorou?,"título com ""Vale a Pena"" (RECOMENDACAO_TITULO); endereço com ""vale a pena""",0,
/brco11-gpa-quebrou-contrato-vale-a-pena-investir/,BRCO11: GPA quebrou contrato — risco pro fundo ou oportunidade pro cotista?,"endereço com ""vale a pena""",0,
/calendario-dividendos-julho-2026-logg3-vale-a-pena/,Vale a Pena Comprar Ação Só Pelo Dividendo Grande? O Caso LOGG3 em Julho de 2026,"título com ""Vale a Pena"" (RECOMENDACAO_TITULO); endereço com ""vale a pena""",0,
/goat11-o-etf-hibrido-da-b3-com-80-em-renda-fixa-e-20-em-variavel-vale-a-pena-investir/,GOAT11: O ETF Híbrido da B3 com 80% em Renda Fixa e 20% em Variável – Vale a Pena Investir?,"título com ""Vale a Pena"" (RECOMENDACAO_TITULO); endereço com ""vale a pena""",0,
/hype3-santander-conviccao-corte-preco-alvo-vale-a-pena/,HYPE3 vale a pena depois do corte do Santander? O relatório que chama a ação de “convicção” e baixa o alvo no mesmo parágrafo,"título com ""vale a pena"" (RECOMENDACAO_TITULO); endereço com ""vale a pena""",0,
/kncr11-subscricao-vale-a-pena/,KNCR11 Subscrição Vale a Pena?,"título com ""Vale a Pena"" (RECOMENDACAO_TITULO); endereço com ""vale a pena""; está no site-ativos/posts-para-refresh.csv",0,
/nike-adidas-copa-2026-bolsa-nike34-vale-a-pena/,Nike goleou a Adidas na Copa. Vale a pena comprar NIKE34 achando barganha?,"título com ""Vale a pena"" (RECOMENDACAO_TITULO); endereço com ""vale a pena""",0,
/petr4-65-por-cento-lucro-estatais-vale-a-pena-investir/,PETR4 vale a pena? Petrobras concentra 65% do lucro das estatais,"título com ""vale a pena"" (RECOMENDACAO_TITULO); endereço com ""vale a pena""; está no site-ativos/posts-para-refresh.csv",0,
/radl3-mercado-livre-ozempic-vale-a-pena-comprar-a-queda/,RADL3 caiu com a notícia do Mercado Livre vendendo Ozempic: vale a pena comprar a queda?,"título com ""vale a pena"" (RECOMENDACAO_TITULO); endereço com ""vale a pena""",0,
/rara11-etf-terras-raras-vale-a-pena-investir/,RARA11 vale a pena? O ETF de terras raras caiu 22% desde a estreia na B3,"título com ""vale a pena"" (RECOMENDACAO_TITULO); endereço com ""vale a pena""",0,
/ugpa3-ultrapar-dividendos-2026-vale-a-pena/,Ultrapar (UGPA3): A Ação Esquecida Que Voltou ao Radar e Pode Pagar Bons Dividendos em 2026,"endereço com ""vale a pena""",0,
/weg-wege3-cai-mais-de-7-apos-resultados-do-4t24-e-hora-de-comprar/,WEG (WEGE3) Cai Mais de 7% Após Resultados do 4T24: É Hora de Comprar?,"título com ""Hora de Comprar"" (RECOMENDACAO_TITULO); endereço com ""hora de comprar""",0,
