lote,origem_id,origem,destino,destino_nome,ancora,similaridade,de,para,destino_era_orfao
L2,1028,/itsa3-ou-itsa4-qual-a-melhor-acao-da-itausa-investir/,/qual-a-diferenca-entre-itausa-e-itau-guia-completo/,Itaúsa × Itaú (ITSA4 × ITUB4),ITUB4,0.412,ITUB3 e ITUB4 são ações do,"ITUB3 e <a href=""https://investirecocaresocomecar.com.br/qual-a-diferenca-entre-itausa-e-itau-guia-completo/"">ITUB4</a> são ações do",não
L2,1028,/itsa3-ou-itsa4-qual-a-melhor-acao-da-itausa-investir/,/quem-a-itausa-controla-conheca-suas-empresas/,Quem a Itaúsa controla (as 7 empresas),Itaúsa,0.281,são a mesma Itaúsa e pagam,"são a mesma <a href=""https://investirecocaresocomecar.com.br/quem-a-itausa-controla-conheca-suas-empresas/"">Itaúsa</a> e pagam",sim
L2,1053,/qual-a-diferenca-entre-itausa-e-itau-guia-completo/,/quem-a-itausa-controla-conheca-suas-empresas/,Quem a Itaúsa controla (as 7 empresas),Itaúsa,0.51,A Itaúsa não é o Itaú:,"A <a href=""https://investirecocaresocomecar.com.br/quem-a-itausa-controla-conheca-suas-empresas/"">Itaúsa</a> não é o Itaú:",sim
L2,1058,/qual-e-a-vantagem-de-investir-em-etf-guia-completo/,/o-que-e-bova11/,O que é BOVA11,BOVA11,0.188,"Na B3, estão BOVA11, IVVB11","Na B3, estão <a href=""https://investirecocaresocomecar.com.br/o-que-e-bova11/"">BOVA11</a>, IVVB11",sim
L1,1093,/e-bom-investir-na-bolsa-de-valores-descubra-agora/,/quiz-perfil-de-investidor/,Quiz de perfil de investidor,perfil de investidor,0.047,Identificar o perfil de investidor ideal para a,"Identificar o <a href=""https://investirecocaresocomecar.com.br/quiz-perfil-de-investidor/"">perfil de investidor</a> ideal para a",sim
L1,1133,/qual-a-melhor-renda-fixa-hoje-saiba-as-opcoes/,/quiz-perfil-de-investidor/,Quiz de perfil de investidor,seu perfil,0.043,de acordo com seu perfil e objetivos.,"de acordo com <a href=""https://investirecocaresocomecar.com.br/quiz-perfil-de-investidor/"">seu perfil</a> e objetivos.",sim
L2,1138,/descubra-quais-acoes-pagam-dividendos-hoje/,/dividendos-o-que-sao-dividend-yield/,Dividendos e dividend yield (guia),Dividend Yield,0.197,"Dividend Yield de 7,6%","<a href=""https://investirecocaresocomecar.com.br/dividendos-o-que-sao-dividend-yield/"">Dividend Yield</a> de 7,6%",não
L2,1148,/como-funciona-o-sistema-de-dividendos-entenda-aqui/,/dividendos-o-que-sao-dividend-yield/,Dividendos e dividend yield (guia),dividend yield,0.153,Veja o dividend yield e a,"Veja o <a href=""https://investirecocaresocomecar.com.br/dividendos-o-que-sao-dividend-yield/"">dividend yield</a> e a",não
L2,1163,/o-que-sao-fundos-imobiliarios-guia-completo/,/fundos-imobiliarios-o-que-sao-fiis/,Fundos imobiliários (guia completo),fundos imobiliários,0.203,O que são fundos imobiliários,"O que são <a href=""https://investirecocaresocomecar.com.br/fundos-imobiliarios-o-que-sao-fiis/"">fundos imobiliários</a>",sim
L2,1173,/quanto-rende-1-000-reais-em-um-fundo-imobiliario/,/fundos-imobiliarios-o-que-sao-fiis/,Fundos imobiliários (guia completo),fundos imobiliários,0.211,Os fundos imobiliários podem trazer,"Os <a href=""https://investirecocaresocomecar.com.br/fundos-imobiliarios-o-que-sao-fiis/"">fundos imobiliários</a> podem trazer",sim
L1,1208,/etfs-de-fundos-imobiliarios-guia-completo-para-investir/,/calculadora-ir-venda-fii/,Calculadora de IR na venda de FII,venda de cotas,0.064,o lucro na venda de cotas.,"o lucro na <a href=""https://investirecocaresocomecar.com.br/calculadora-ir-venda-fii/"">venda de cotas</a>.",sim
L2,1213,/como-funciona-um-fundo-imobiliario/,/fundos-imobiliarios-o-que-sao-fiis/,Fundos imobiliários (guia completo),fundos imobiliários,0.199,"Por isso, os fundos imobiliários são uma boa","Por isso, os <a href=""https://investirecocaresocomecar.com.br/fundos-imobiliarios-o-que-sao-fiis/"">fundos imobiliários</a> são uma boa",sim
L1,1773,/vale3-dividendos-prejuizo-e-oportunidades-de-investimento/,/calculadora-jcp-liquido/,Calculadora de JCP líquido,JCP,0.069,"em JCP, totalizando","em <a href=""https://investirecocaresocomecar.com.br/calculadora-jcp-liquido/"">JCP</a>, totalizando",sim
L2,1782,/itausa-itsa4-anuncia-aumento-de-capital-itsa2-e-distribuicao-de-dividendos-o-que-isso-significa-para-os-investidores/,/quem-a-itausa-controla-conheca-suas-empresas/,Quem a Itaúsa controla (as 7 empresas),Itaúsa,0.109,"Itaúsa (ITSA4, ITSA3","<a href=""https://investirecocaresocomecar.com.br/quem-a-itausa-controla-conheca-suas-empresas/"">Itaúsa</a> (ITSA4, ITSA3",sim
L1,2232,/7-etfs-de-renda-fixa-americanos-para-proteger-seu-dinheiro-em-2025/,/quiz-perfil-de-investidor/,Quiz de perfil de investidor,seu perfil,0.045,se encaixa no seu perfil:,"se encaixa no <a href=""https://investirecocaresocomecar.com.br/quiz-perfil-de-investidor/"">seu perfil</a>:",sim
L1,2408,/goat11-o-etf-hibrido-da-b3-com-80-em-renda-fixa-e-20-em-variavel-vale-a-pena-investir/,/quiz-perfil-de-investidor/,Quiz de perfil de investidor,perfil de investidor,0.059,Para qual perfil de investidor o GOAT11 é,"Para qual <a href=""https://investirecocaresocomecar.com.br/quiz-perfil-de-investidor/"">perfil de investidor</a> o GOAT11 é",sim
L2,2423,/o-melhor-fundo-imobiliario-para-iniciantes-como-investir-com-r10/,/fundos-imobiliarios-o-que-sao-fiis/,Fundos imobiliários (guia completo),Fundos imobiliários,0.164,Fundos imobiliários são,"<a href=""https://investirecocaresocomecar.com.br/fundos-imobiliarios-o-que-sao-fiis/"">Fundos imobiliários</a> são",sim
L2,3080,/bolsa-de-valores-em-alta-por-que-o-ibovespa-pode-subir-mais-e-como-nao-ficar-de-fora/,/o-que-e-bova11/,O que é BOVA11,BOVA11,0.09,ETFs como BOVA11 (que replica,"ETFs como <a href=""https://investirecocaresocomecar.com.br/o-que-e-bova11/"">BOVA11</a> (que replica",sim
L2,3172,/jepi39-o-etf-que-paga-dividendos-todo-mes-vale-a-pena/,/etfs-dividendos-mensais-b3-2026/,ETFs de dividendos mensais (JEPI39),JEPI39,0.264,"Sim, o JEPI39 paga","Sim, o <a href=""https://investirecocaresocomecar.com.br/etfs-dividendos-mensais-b3-2026/"">JEPI39</a> paga",não
L1,3435,/como-declarar-imposto-de-renda-2026-guia-completo-para-investidores-acoes-fiis-e-dividendos/,/calculadora-ir-venda-fii/,Calculadora de IR na venda de FII,venda de cotas,0.12,"das ações, a venda de cotas de FIIs com","das ações, a <a href=""https://investirecocaresocomecar.com.br/calculadora-ir-venda-fii/"">venda de cotas</a> de FIIs com",sim
L1,3435,/como-declarar-imposto-de-renda-2026-guia-completo-para-investidores-acoes-fiis-e-dividendos/,/calculadora-jcp-liquido/,Calculadora de JCP líquido,JCP,0.116,Não confunda JCP com dividendo,"Não confunda <a href=""https://investirecocaresocomecar.com.br/calculadora-jcp-liquido/"">JCP</a> com dividendo",sim
L1,3435,/como-declarar-imposto-de-renda-2026-guia-completo-para-investidores-acoes-fiis-e-dividendos/,/simulador-renda-fii/,Simulador de renda mensal com FIIs,rendimentos mensais,0.053,Os rendimentos mensais pagos pelos,"Os <a href=""https://investirecocaresocomecar.com.br/simulador-renda-fii/"">rendimentos mensais</a> pagos pelos",sim
L3,3561,/ipo-compass-pass3-vale-a-pena-investir/,/compass-pass3-bancos-ipo-recomendam-compra-conflito-interesse/,Compass (PASS3): Os Bancos que Venderam o IPO Agora Recomendam Comprar,PASS3,0.204,ordinárias é PASS3.,"ordinárias é <a href=""https://investirecocaresocomecar.com.br/compass-pass3-bancos-ipo-recomendam-compra-conflito-interesse/"">PASS3</a>.",sim
L1,4380,/westwing-west3-reducao-capital-5-40-por-acao-dividendo-ou-armadilha/,/calculadora-jcp-liquido/,Calculadora de JCP líquido,JCP,0.077,em relação a JCP.,"em relação a <a href=""https://investirecocaresocomecar.com.br/calculadora-jcp-liquido/"">JCP</a>.",sim
L3,4391,/ambev-abev3-resultado-1t26-vale-a-pena-investir/,/abev3-copa-2026-vale-investir-pausa-hidratacao/,ABEV3 na Copa 2026: a cerveja grátis do Ancelotti já foi pro preço?,ABEV3,0.132,ABEV3 subiu mais de,"<a href=""https://investirecocaresocomecar.com.br/abev3-copa-2026-vale-investir-pausa-hidratacao/"">ABEV3</a> subiu mais de",sim
L2,4536,/itub3-ou-itub4-qual-comprar/,/qual-a-diferenca-entre-itausa-e-itau-guia-completo/,Itaúsa × Itaú (ITSA4 × ITUB4),ITUB4,0.364,"ITUB4 dá exposição direta ao banco, maior","<a href=""https://investirecocaresocomecar.com.br/qual-a-diferenca-entre-itausa-e-itau-guia-completo/"">ITUB4</a> dá exposição direta ao banco, maior",não
L2,4536,/itub3-ou-itub4-qual-comprar/,/quem-a-itausa-controla-conheca-suas-empresas/,Quem a Itaúsa controla (as 7 empresas),ITSA4,0.236,ITSA4 dá exposição indireta via holding com desconto patrimonial,"<a href=""https://investirecocaresocomecar.com.br/quem-a-itausa-controla-conheca-suas-empresas/"">ITSA4</a> dá exposição indireta via holding com desconto patrimonial",sim
L2,4544,/dolar-abaixo-de-r5-etfs-renda-dolar-b3/,/etfs-dividendos-mensais-b3-2026/,ETFs de dividendos mensais (JEPI39),JEPI39,0.289,Quem comprou JEPI39 quando o,"Quem comprou <a href=""https://investirecocaresocomecar.com.br/etfs-dividendos-mensais-b3-2026/"">JEPI39</a> quando o",não
L1,4565,/calculadora-lci/,/calculadora-lci-lca-cdb/,Calculadora LCI/LCA × CDB,LCI,0.277,Converte taxa LCI para CDB,"Converte taxa <a href=""https://investirecocaresocomecar.com.br/calculadora-lci-lca-cdb/"">LCI</a> para CDB",sim
L1,4566,/calculadora-lca/,/calculadora-lci-lca-cdb/,Calculadora LCI/LCA × CDB,LCI,0.299,"pessoa física, assim como a LCI.","pessoa física, assim como a <a href=""https://investirecocaresocomecar.com.br/calculadora-lci-lca-cdb/"">LCI</a>.",sim
L1,4567,/calculadora-cdi/,/calculadora-lci-lca-cdb/,Calculadora LCI/LCA × CDB,LCI,0.224,"CDB, LCI, LCA, fundos","CDB, <a href=""https://investirecocaresocomecar.com.br/calculadora-lci-lca-cdb/"">LCI</a>, LCA, fundos",sim
L1,4569,/cdb-tesouro-direto-ou-poupanca-qual-rende-mais/,/calculadora-cdb-lci-prefixado-ipca/,"Comparador de renda fixa (CDB, LCI, prefixado e IPCA+)",CDB prefixado,0.228,CDB prefixado:,"<a href=""https://investirecocaresocomecar.com.br/calculadora-cdb-lci-prefixado-ipca/"">CDB prefixado</a>:",sim
L1,4569,/cdb-tesouro-direto-ou-poupanca-qual-rende-mais/,/simulador-ntnb/,Simulador de marcação a mercado do Tesouro IPCA+,marcação a mercado,0.115,Direto tem marcação a mercado: se vender,"Direto tem <a href=""https://investirecocaresocomecar.com.br/simulador-ntnb/"">marcação a mercado</a>: se vender",não
L1,4571,/tesouro-selic-vale-a-pena/,/simulador-ntnb/,Simulador de marcação a mercado do Tesouro IPCA+,marcação a mercado,0.102,tem risco de marcação a mercado,"tem risco de <a href=""https://investirecocaresocomecar.com.br/simulador-ntnb/"">marcação a mercado</a>",não
L1,4572,/renda-passiva-quanto-precisa-investir/,/simulador-renda-fii/,Simulador de renda mensal com FIIs,renda mensal,0.121,renda mensal isenta de IR,"<a href=""https://investirecocaresocomecar.com.br/simulador-renda-fii/"">renda mensal</a> isenta de IR",sim
L1,4572,/renda-passiva-quanto-precisa-investir/,/calculadora-juros-anual-para-mensal/,Calculadora de juros anual para mensal,taxa mensal,0.054,desejada ÷ taxa mensal líquida,"desejada ÷ <a href=""https://investirecocaresocomecar.com.br/calculadora-juros-anual-para-mensal/"">taxa mensal</a> líquida",não
L1,4572,/renda-passiva-quanto-precisa-investir/,/calculadora-1-milhao/,Calculadora: quanto falta para juntar 1 milhão,aporte mensal,0.1,Com aporte mensal de R$ 2.000,"Com <a href=""https://investirecocaresocomecar.com.br/calculadora-1-milhao/"">aporte mensal</a> de R$ 2.000",sim
L2,4573,/como-viver-de-dividendos/,/dividendos-o-que-sao-dividend-yield/,Dividendos e dividend yield (guia),dividend yield,0.192,precisa e do dividend yield médio da,"precisa e do <a href=""https://investirecocaresocomecar.com.br/dividendos-o-que-sao-dividend-yield/"">dividend yield</a> médio da",não
L2,4812,/ivvb11-ou-bova11-qual-e-melhor/,/o-que-e-bova11/,O que é BOVA11,BOVA11,0.295,que IVVB11 e BOVA11,"que IVVB11 e <a href=""https://investirecocaresocomecar.com.br/o-que-e-bova11/"">BOVA11</a>",sim
L2,4812,/ivvb11-ou-bova11-qual-e-melhor/,/etfs-dividendos-mensais-b3-2026/,ETFs de dividendos mensais (JEPI39),JEPI39,0.085,"de ETFs como JEPI39, que","de ETFs como <a href=""https://investirecocaresocomecar.com.br/etfs-dividendos-mensais-b3-2026/"">JEPI39</a>, que",não
L1,4813,/lci-lca-ainda-valem-a-pena-2026/,/calculadora-lci-lca-cdb/,Calculadora LCI/LCA × CDB,LCI e LCA,0.271,LCI e LCA valem a pena quando o,"<a href=""https://investirecocaresocomecar.com.br/calculadora-lci-lca-cdb/"">LCI e LCA</a> valem a pena quando o",sim
L1,4814,/quanto-preciso-para-viver-de-renda-no-brasil/,/quiz-perfil-de-investidor/,Quiz de perfil de investidor,seu perfil de risco,0.064,"de vida, seu perfil de risco, o tipo de","de vida, <a href=""https://investirecocaresocomecar.com.br/quiz-perfil-de-investidor/"">seu perfil de risco</a>, o tipo de",sim
L1,4814,/quanto-preciso-para-viver-de-renda-no-brasil/,/calculadora-aposentadoria-renda-passiva/,Calculadora de aposentadoria com renda passiva e INSS,Viver de renda,0.158,Viver de renda é o objetivo,"<a href=""https://investirecocaresocomecar.com.br/calculadora-aposentadoria-renda-passiva/"">Viver de renda</a> é o objetivo",sim
L1,4815,/fii-ou-imovel-fisico-qual-e-melhor-investimento/,/simulador-renda-fii/,Simulador de renda mensal com FIIs,renda mensal,0.072,Se você quer renda mensal passiva,"Se você quer <a href=""https://investirecocaresocomecar.com.br/simulador-renda-fii/"">renda mensal</a> passiva",sim
L2,4845,/itub3-ou-itub4-qual-e-melhor/,/qual-a-diferenca-entre-itausa-e-itau-guia-completo/,Itaúsa × Itaú (ITSA4 × ITUB4),ITUB4 vs ITSA4,0.261,mas sim ITUB4 vs ITSA4.,"mas sim <a href=""https://investirecocaresocomecar.com.br/qual-a-diferenca-entre-itausa-e-itau-guia-completo/"">ITUB4 vs ITSA4</a>.",não
L2,4845,/itub3-ou-itub4-qual-e-melhor/,/quem-a-itausa-controla-conheca-suas-empresas/,Quem a Itaúsa controla (as 7 empresas),Itaúsa,0.156,As ON ficam concentradas na Itaúsa (controladora) e nos fundos,"As ON ficam concentradas na <a href=""https://investirecocaresocomecar.com.br/quem-a-itausa-controla-conheca-suas-empresas/"">Itaúsa</a> (controladora) e nos fundos",sim
L2,4845,/itub3-ou-itub4-qual-e-melhor/,/dividendos-o-que-sao-dividend-yield/,Dividendos e dividend yield (guia),dividend yield,0.122,diferença de dividend yield entre ITUB3 e,"diferença de <a href=""https://investirecocaresocomecar.com.br/dividendos-o-que-sao-dividend-yield/"">dividend yield</a> entre ITUB3 e",não
L1,4846,/o-que-e-cdi-investimentos/,/calculadora-cdb-lci-prefixado-ipca/,"Comparador de renda fixa (CDB, LCI, prefixado e IPCA+)",prefixados,0.155,use produtos prefixados ou Tesouro,"use produtos <a href=""https://investirecocaresocomecar.com.br/calculadora-cdb-lci-prefixado-ipca/"">prefixados</a> ou Tesouro",sim
L1,4846,/o-que-e-cdi-investimentos/,/calculadora-lci-lca-cdb/,Calculadora LCI/LCA × CDB,LCIs,0.182,"CDBs, LCIs, LCAs, fundos","CDBs, <a href=""https://investirecocaresocomecar.com.br/calculadora-lci-lca-cdb/"">LCIs</a>, LCAs, fundos",sim
L2,4848,/diferenca-acoes-on-pn-petr3-petr4-itub3-itub4/,/dividendos-o-que-sao-dividend-yield/,Dividendos e dividend yield (guia),dividend yield,0.217,diferenças no dividend yield percentual,"diferenças no <a href=""https://investirecocaresocomecar.com.br/dividendos-o-que-sao-dividend-yield/"">dividend yield</a> percentual",não
L1,4850,/cdb-vs-lci-lca-tabela-taxas-equivalentes-calculadora/,/calculadora-lci-lca-cdb/,Calculadora LCI/LCA × CDB,LCI,0.355,LCI (Letra de,"<a href=""https://investirecocaresocomecar.com.br/calculadora-lci-lca-cdb/"">LCI</a> (Letra de",sim
L1,4850,/cdb-vs-lci-lca-tabela-taxas-equivalentes-calculadora/,/calculadora-cdb-lci-prefixado-ipca/,"Comparador de renda fixa (CDB, LCI, prefixado e IPCA+)",tabela regressiva,0.214,paga IR pela tabela regressiva.,"paga IR pela <a href=""https://investirecocaresocomecar.com.br/calculadora-cdb-lci-prefixado-ipca/"">tabela regressiva</a>.",sim
L1,4873,/dividendos-o-que-sao-dividend-yield/,/calculadora-jcp-liquido/,Calculadora de JCP líquido,Juros sobre Capital Próprio,0.133,ou JCP (Juros sobre Capital Próprio).,"ou JCP (<a href=""https://investirecocaresocomecar.com.br/calculadora-jcp-liquido/"">Juros sobre Capital Próprio</a>).",sim
L1,4873,/dividendos-o-que-sao-dividend-yield/,/calculadora-aposentadoria-renda-passiva/,Calculadora de aposentadoria com renda passiva e INSS,independência financeira,0.047,"ou independência financeira), você passa","ou <a href=""https://investirecocaresocomecar.com.br/calculadora-aposentadoria-renda-passiva/"">independência financeira</a>), você passa",sim
L1,4874,/fundos-imobiliarios-o-que-sao-fiis/,/calculadora-ir-venda-fii/,Calculadora de IR na venda de FII,DARF,0.124,recolhido via DARF pelo próprio,"recolhido via <a href=""https://investirecocaresocomecar.com.br/calculadora-ir-venda-fii/"">DARF</a> pelo próprio",sim
L1,4874,/fundos-imobiliarios-o-que-sao-fiis/,/simulador-renda-fii/,Simulador de renda mensal com FIIs,renda mensal,0.104,renda mensal recorrente,"<a href=""https://investirecocaresocomecar.com.br/simulador-renda-fii/"">renda mensal</a> recorrente",sim
L1,4874,/fundos-imobiliarios-o-que-sao-fiis/,/calculadora-1-milhao/,Calculadora: quanto falta para juntar 1 milhão,chegar em R$ 1 milhão,0.051,real é chegar em R$ 1 milhão e manter o,"real é <a href=""https://investirecocaresocomecar.com.br/calculadora-1-milhao/"">chegar em R$ 1 milhão</a> e manter o",sim
L1,4876,/como-montar-reserva-emergencia/,/quiz-perfil-de-investidor/,Quiz de perfil de investidor,seu perfil,0.048,dependendo do seu perfil,"dependendo do <a href=""https://investirecocaresocomecar.com.br/quiz-perfil-de-investidor/"">seu perfil</a>",sim
L1,5042,/o-que-e-cdb/,/calculadora-lci-lca-cdb/,Calculadora LCI/LCA × CDB,LCI e LCA,0.262,isentas como LCI e LCA antes de,"isentas como <a href=""https://investirecocaresocomecar.com.br/calculadora-lci-lca-cdb/"">LCI e LCA</a> antes de",sim
L1,5042,/o-que-e-cdb/,/calculadora-cdb-lci-prefixado-ipca/,"Comparador de renda fixa (CDB, LCI, prefixado e IPCA+)",CDB prefixado,0.257,CDB prefixado:,"<a href=""https://investirecocaresocomecar.com.br/calculadora-cdb-lci-prefixado-ipca/"">CDB prefixado</a>:",sim
L1,5043,/o-que-e-lci/,/calculadora-lci-lca-cdb/,Calculadora LCI/LCA × CDB,LCI,0.197,LCI é uma das,"<a href=""https://investirecocaresocomecar.com.br/calculadora-lci-lca-cdb/"">LCI</a> é uma das",sim
L1,5045,/o-que-e-ipca/,/calculadora-aposentadoria-renda-passiva/,Calculadora de aposentadoria com renda passiva e INSS,aposentadoria,0.046,como aposentadoria ou compra de,"como <a href=""https://investirecocaresocomecar.com.br/calculadora-aposentadoria-renda-passiva/"">aposentadoria</a> ou compra de",sim
L1,5047,/o-que-e-tesouro-direto/,/calculadora-cdb-lci-prefixado-ipca/,"Comparador de renda fixa (CDB, LCI, prefixado e IPCA+)",tabela regressiva do Imposto de Renda,0.211,"segue a tabela regressiva do Imposto de Renda: 22,5% para","segue a <a href=""https://investirecocaresocomecar.com.br/calculadora-cdb-lci-prefixado-ipca/"">tabela regressiva do Imposto de Renda</a>: 22,5% para",sim
L1,5048,/o-que-e-tesouro-selic/,/simulador-ntnb/,Simulador de marcação a mercado do Tesouro IPCA+,marcação a mercado,0.116,ele não sofre marcação a mercado no sentido,"ele não sofre <a href=""https://investirecocaresocomecar.com.br/simulador-ntnb/"">marcação a mercado</a> no sentido",não
L1,5048,/o-que-e-tesouro-selic/,/calculadora-cdb-lci-prefixado-ipca/,"Comparador de renda fixa (CDB, LCI, prefixado e IPCA+)",tabela regressiva,0.22,"que segue a tabela regressiva: 22,5% para","que segue a <a href=""https://investirecocaresocomecar.com.br/calculadora-cdb-lci-prefixado-ipca/"">tabela regressiva</a>: 22,5% para",sim
L1,5049,/o-que-e-tesouro-ipca/,/calculadora-cdb-lci-prefixado-ipca/,"Comparador de renda fixa (CDB, LCI, prefixado e IPCA+)",tabela regressiva,0.22,renda segue a tabela regressiva dos,"renda segue a <a href=""https://investirecocaresocomecar.com.br/calculadora-cdb-lci-prefixado-ipca/"">tabela regressiva</a> dos",sim
L1,5049,/o-que-e-tesouro-ipca/,/calculadora-aposentadoria-renda-passiva/,Calculadora de aposentadoria com renda passiva e INSS,independência financeira,0.05,"ou independência financeira, reserva de","ou <a href=""https://investirecocaresocomecar.com.br/calculadora-aposentadoria-renda-passiva/"">independência financeira</a>, reserva de",sim
L1,5050,/o-que-e-tesouro-prefixado/,/simulador-ntnb/,Simulador de marcação a mercado do Tesouro IPCA+,marcação a mercado,0.15,chama de marcação a mercado.,"chama de <a href=""https://investirecocaresocomecar.com.br/simulador-ntnb/"">marcação a mercado</a>.",não
L1,5050,/o-que-e-tesouro-prefixado/,/calculadora-cdb-lci-prefixado-ipca/,"Comparador de renda fixa (CDB, LCI, prefixado e IPCA+)",tabela regressiva do imposto de renda,0.269,segue a tabela regressiva do imposto de renda.,"segue a <a href=""https://investirecocaresocomecar.com.br/calculadora-cdb-lci-prefixado-ipca/"">tabela regressiva do imposto de renda</a>.",sim
L2,5051,/o-que-e-dividend-yield/,/dividendos-o-que-sao-dividend-yield/,Dividendos e dividend yield (guia),Dividend Yield,0.209,Dividend Yield é o indicador,"<a href=""https://investirecocaresocomecar.com.br/dividendos-o-que-sao-dividend-yield/"">Dividend Yield</a> é o indicador",não
L2,5057,/o-que-e-acao-on-pn/,/dividendos-o-que-sao-dividend-yield/,Dividendos e dividend yield (guia),dividend yield,0.179,"O dividend yield da ON é 2,00","O <a href=""https://investirecocaresocomecar.com.br/dividendos-o-que-sao-dividend-yield/"">dividend yield</a> da ON é 2,00",não
L1,5058,/o-que-e-jcp/,/calculadora-jcp-liquido/,Calculadora de JCP líquido,Juros sobre Capital Próprio,0.228,JCP significa Juros sobre Capital Próprio.,"JCP significa <a href=""https://investirecocaresocomecar.com.br/calculadora-jcp-liquido/"">Juros sobre Capital Próprio</a>.",sim
L1,5059,/o-que-e-fii/,/simulador-renda-fii/,Simulador de renda mensal com FIIs,rendimento mensal,0.104,"primeira é o rendimento mensal: por lei, os","primeira é o <a href=""https://investirecocaresocomecar.com.br/simulador-renda-fii/"">rendimento mensal</a>: por lei, os",sim
L1,5060,/o-que-e-juros-compostos/,/calculadora-juros-anual-para-mensal/,Calculadora de juros anual para mensal,juros mensais,0.154,"crédito, os juros mensais chegam a 15%","crédito, os <a href=""https://investirecocaresocomecar.com.br/calculadora-juros-anual-para-mensal/"">juros mensais</a> chegam a 15%",não
L1,5060,/o-que-e-juros-compostos/,/calculadora-1-milhao/,Calculadora: quanto falta para juntar 1 milhão,Juros compostos,0.101,Juros compostos são o,"<a href=""https://investirecocaresocomecar.com.br/calculadora-1-milhao/"">Juros compostos</a> são o",sim
L1,5062,/o-que-e-liquidez/,/simulador-ntnb/,Simulador de marcação a mercado do Tesouro IPCA+,marcação a mercado,0.09,é a chamada marcação a mercado.,"é a chamada <a href=""https://investirecocaresocomecar.com.br/simulador-ntnb/"">marcação a mercado</a>.",não
L1,5063,/o-que-e-volatilidade/,/quiz-perfil-de-investidor/,Quiz de perfil de investidor,seu perfil,0.051,e para o seu perfil.,"e para o <a href=""https://investirecocaresocomecar.com.br/quiz-perfil-de-investidor/"">seu perfil</a>.",sim
L2,5064,/o-que-e-etf/,/o-que-e-bova11/,O que é BOVA11,BOVA11,0.275,"por exemplo BOVA11, informa a","por exemplo <a href=""https://investirecocaresocomecar.com.br/o-que-e-bova11/"">BOVA11</a>, informa a",sim
L1,5067,/fii-papel-vs-tijolo/,/simulador-renda-fii/,Simulador de renda mensal com FIIs,renda mensal,0.102,e você quer renda mensal previsível,"e você quer <a href=""https://investirecocaresocomecar.com.br/simulador-renda-fii/"">renda mensal</a> previsível",sim
L1,5067,/fii-papel-vs-tijolo/,/calculadora-ir-venda-fii/,Calculadora de IR na venda de FII,ganho de capital,0.078,"anos, gerando ganho de capital adicional na","anos, gerando <a href=""https://investirecocaresocomecar.com.br/calculadora-ir-venda-fii/"">ganho de capital</a> adicional na",sim
L1,5068,/o-que-e-buy-and-hold/,/calculadora-1-milhao/,Calculadora: quanto falta para juntar 1 milhão,aportes mensais,0.047,"e ainda fez aportes mensais de R$ 500, no","e ainda fez <a href=""https://investirecocaresocomecar.com.br/calculadora-1-milhao/"">aportes mensais</a> de R$ 500, no",sim
L1,5069,/o-que-e-value-investing/,/calculadora-preco-justo/,Calculadora de preço justo (Bazin e Graham),Benjamin Graham,0.079,economista Benjamin Graham na década de,"economista <a href=""https://investirecocaresocomecar.com.br/calculadora-preco-justo/"">Benjamin Graham</a> na década de",sim
L2,5075,/o-que-e-ifix/,/fundos-imobiliarios-o-que-sao-fiis/,Fundos imobiliários (guia completo),fundos imobiliários,0.222,índice de fundos imobiliários do Brasil.,"índice de <a href=""https://investirecocaresocomecar.com.br/fundos-imobiliarios-o-que-sao-fiis/"">fundos imobiliários</a> do Brasil.",sim
L2,5075,/o-que-e-ifix/,/dividendos-o-que-sao-dividend-yield/,Dividendos e dividend yield (guia),dividend yield,0.111,um dividend yield médio de 9%,"um <a href=""https://investirecocaresocomecar.com.br/dividendos-o-que-sao-dividend-yield/"">dividend yield</a> médio de 9%",não
L2,5077,/o-que-e-blue-chip/,/dividendos-o-que-sao-dividend-yield/,Dividendos e dividend yield (guia),dividend yield,0.129,a um dividend yield de,"a um <a href=""https://investirecocaresocomecar.com.br/dividendos-o-que-sao-dividend-yield/"">dividend yield</a> de",não
L1,5092,/ir-sobre-investimentos/,/calculadora-ir-venda-fii/,Calculadora de IR na venda de FII,Ganho de capital,0.227,Ganho de capital na venda da,"<a href=""https://investirecocaresocomecar.com.br/calculadora-ir-venda-fii/"">Ganho de capital</a> na venda da",sim
L2,5093,/o-que-e-proventos/,/dividendos-o-que-sao-dividend-yield/,Dividendos e dividend yield (guia),Dividend Yield,0.218,O Dividend Yield (DY) é o,"O <a href=""https://investirecocaresocomecar.com.br/dividendos-o-que-sao-dividend-yield/"">Dividend Yield</a> (DY) é o",não
L2,5097,/o-que-e-ivvb11/,/o-que-e-bova11/,O que é BOVA11,BOVA11,0.319,mesmas regras tributárias do BOVA11:,"mesmas regras tributárias do <a href=""https://investirecocaresocomecar.com.br/o-que-e-bova11/"">BOVA11</a>:",sim
L1,5113,/o-que-e-reit/,/calculadora-ir-venda-fii/,Calculadora de IR na venda de FII,ganho de capital,0.055,O ganho de capital na venda,"O <a href=""https://investirecocaresocomecar.com.br/calculadora-ir-venda-fii/"">ganho de capital</a> na venda",sim
L2,5119,/o-que-e-gestao-passiva/,/o-que-e-bova11/,O que é BOVA11,BOVA11,0.157,no Brasil é o BOVA11 (ETF do,"no Brasil é o <a href=""https://investirecocaresocomecar.com.br/o-que-e-bova11/"">BOVA11</a> (ETF do",sim
L2,6021,/acabou-sonho-fundos-imobiliarios-vghf11-gare11-queda-2026/,/fundos-imobiliarios-o-que-sao-fiis/,Fundos imobiliários (guia completo),fundos imobiliários,0.16,"os principais fundos imobiliários, está","os principais <a href=""https://investirecocaresocomecar.com.br/fundos-imobiliarios-o-que-sao-fiis/"">fundos imobiliários</a>, está",sim
L1,7376,/vivt3-dividendos-conta-celular-gratis-para-sempre/,/calculadora-jcp-liquido/,Calculadora de JCP líquido,Juros sobre Capital Próprio,0.089,JCP (Juros sobre Capital Próprio) ou reduções,"JCP (<a href=""https://investirecocaresocomecar.com.br/calculadora-jcp-liquido/"">Juros sobre Capital Próprio</a>) ou reduções",sim
L2,7378,/itausa-itsa4-desconto-de-holding-vale-a-pena-investir/,/qual-a-diferenca-entre-itausa-e-itau-guia-completo/,Itaúsa × Itaú (ITSA4 × ITUB4),ITUB4,0.225,Quem compra ITUB4 diretamente,"Quem compra <a href=""https://investirecocaresocomecar.com.br/qual-a-diferenca-entre-itausa-e-itau-guia-completo/"">ITUB4</a> diretamente",não
L2,7378,/itausa-itsa4-desconto-de-holding-vale-a-pena-investir/,/quem-a-itausa-controla-conheca-suas-empresas/,Quem a Itaúsa controla (as 7 empresas),Itaúsa,0.18,Itaúsa é uma,"<a href=""https://investirecocaresocomecar.com.br/quem-a-itausa-controla-conheca-suas-empresas/"">Itaúsa</a> é uma",sim
L3,7380,/bbas3-roe-abaixo-selic-banco-do-brasil-dividendos-2026/,/bbas3-resultado-2t-cartao-de-credito-inadimplencia/,BBAS3: não foi o agro. O rombo novo do Banco do Brasil nasceu no cartão de crédito,BBAS3,0.155,Quem entrou em BBAS3 pelo dividend,"Quem entrou em <a href=""https://investirecocaresocomecar.com.br/bbas3-resultado-2t-cartao-de-credito-inadimplencia/"">BBAS3</a> pelo dividend",não
L1,7530,/inss-aposentadoria-abismo-708x/,/calculadora-aposentadoria-renda-passiva/,Calculadora de aposentadoria com renda passiva e INSS,aposentadoria,0.258,aposentadoria tranquila,"<a href=""https://investirecocaresocomecar.com.br/calculadora-aposentadoria-renda-passiva/"">aposentadoria</a> tranquila",sim
L1,7530,/inss-aposentadoria-abismo-708x/,/calculadora-1-milhao/,Calculadora: quanto falta para juntar 1 milhão,aportes mensais,0.065,com aportes mensais consistentes,"com <a href=""https://investirecocaresocomecar.com.br/calculadora-1-milhao/"">aportes mensais</a> consistentes",sim
L1,8991,/tesouro-ipca-mais-832-oportunidade-da-decada-ou-cilada/,/simulador-ntnb/,Simulador de marcação a mercado do Tesouro IPCA+,marcação a mercado,0.126,renda fixa com marcação a mercado,"renda fixa com <a href=""https://investirecocaresocomecar.com.br/simulador-ntnb/"">marcação a mercado</a>",não
L1,8991,/tesouro-ipca-mais-832-oportunidade-da-decada-ou-cilada/,/calculadora-aposentadoria-renda-passiva/,Calculadora de aposentadoria com renda passiva e INSS,Aposentadoria,0.047,Aposentadoria em 2040,"<a href=""https://investirecocaresocomecar.com.br/calculadora-aposentadoria-renda-passiva/"">Aposentadoria</a> em 2040",sim
L1,9366,/cr7-socio-caze-salario-tem-teto-equity-nao/,/calculadora-1-milhao/,Calculadora: quanto falta para juntar 1 milhão,juros compostos,0.051,o efeito dos juros compostos sobre o,"o efeito dos <a href=""https://investirecocaresocomecar.com.br/calculadora-1-milhao/"">juros compostos</a> sobre o",sim
L1,9512,/aposentadoria-inss-2060-08-trabalhador-por-aposentado/,/calculadora-aposentadoria-renda-passiva/,Calculadora de aposentadoria com renda passiva e INSS,aposentadoria,0.171,mas a sua aposentadoria já está sendo,"mas a sua <a href=""https://investirecocaresocomecar.com.br/calculadora-aposentadoria-renda-passiva/"">aposentadoria</a> já está sendo",sim
L1,9591,/fii-de-papel-vale-a-pena-selic-14-25-bate-cdi-isento/,/simulador-renda-fii/,Simulador de renda mensal com FIIs,renda mensal com fundos imobiliários,0.082,cada faixa de renda mensal com fundos imobiliários:,"cada faixa de <a href=""https://investirecocaresocomecar.com.br/simulador-renda-fii/"">renda mensal com fundos imobiliários</a>:",sim
L1,9591,/fii-de-papel-vale-a-pena-selic-14-25-bate-cdi-isento/,/calculadora-ir-venda-fii/,Calculadora de IR na venda de FII,ganho de capital,0.058,O ganho de capital na venda da,"O <a href=""https://investirecocaresocomecar.com.br/calculadora-ir-venda-fii/"">ganho de capital</a> na venda da",sim
L2,9873,/r300mil-ape-alugar-ou-fii-qual-rende-mais/,/fundos-imobiliarios-o-que-sao-fiis/,Fundos imobiliários (guia completo),fundo imobiliário,0.159,bota tudo em fundo imobiliário,"bota tudo em <a href=""https://investirecocaresocomecar.com.br/fundos-imobiliarios-o-que-sao-fiis/"">fundo imobiliário</a>",sim
L1,9946,/dividendos-caem-2026-ainda-vale-renda-passiva/,/calculadora-jcp-liquido/,Calculadora de JCP líquido,Juros sobre Capital Próprio,0.112,Juros sobre Capital Próprio,"<a href=""https://investirecocaresocomecar.com.br/calculadora-jcp-liquido/"">Juros sobre Capital Próprio</a>",sim
L1,10022,/por-que-brasileiros-renda-alta-endividados-debito-automatico/,/calculadora-juros-anual-para-mensal/,Calculadora de juros anual para mensal,taxa mensal,0.046,"taxa mensal efetiva de 1,1163% ao mês","<a href=""https://investirecocaresocomecar.com.br/calculadora-juros-anual-para-mensal/"">taxa mensal</a> efetiva de 1,1163% ao mês",não
L1,10420,/fiis-pior-primeiro-semestre-2022-ifix-cacr11-tgar11/,/simulador-renda-fii/,Simulador de renda mensal com FIIs,renda mensal,0.051,para ter uma renda mensal passiva real,"para ter uma <a href=""https://investirecocaresocomecar.com.br/simulador-renda-fii/"">renda mensal</a> passiva real",sim
L1,10424,/calendario-dividendos-julho-2026-logg3-vale-a-pena/,/calculadora-jcp-liquido/,Calculadora de JCP líquido,juros sobre capital próprio,0.16,JCP (juros sobre capital próprio) é outra,"JCP (<a href=""https://investirecocaresocomecar.com.br/calculadora-jcp-liquido/"">juros sobre capital próprio</a>) é outra",sim
L3,11128,/goldman-sachs-13-acoes-baratas-banco-do-brasil-fora/,/bbas3-resultado-2t-cartao-de-credito-inadimplencia/,BBAS3: não foi o agro. O rombo novo do Banco do Brasil nasceu no cartão de crédito,BBAS3,0.13,do Brasil (BBAS3).,"do Brasil (<a href=""https://investirecocaresocomecar.com.br/bbas3-resultado-2t-cartao-de-credito-inadimplencia/"">BBAS3</a>).",não
L1,11563,/tesouro-ipca-8-recompra-divida-nao-vale-a-pena/,/simulador-ntnb/,Simulador de marcação a mercado do Tesouro IPCA+,marcação a mercado,0.122,a 8% ganha na marcação a mercado se a recompra,"a 8% ganha na <a href=""https://investirecocaresocomecar.com.br/simulador-ntnb/"">marcação a mercado</a> se a recompra",não
L2,11638,/bova11-concentracao-79-empresas-52-por-cento-em-10/,/o-que-e-bova11/,O que é BOVA11,BOVA11,0.143,aplicado em BOVA11.,"aplicado em <a href=""https://investirecocaresocomecar.com.br/o-que-e-bova11/"">BOVA11</a>.",sim
L1,11640,/weg-wege3-lucro-cai-acao-sobe-vale-a-pena-investir/,/calculadora-preco-justo/,Calculadora de preço justo (Bazin e Graham),preço justo,0.06,R$ 28 sobre o preço justo.,"R$ 28 sobre o <a href=""https://investirecocaresocomecar.com.br/calculadora-preco-justo/"">preço justo</a>.",sim
L1,11653,/barsi-banco-do-brasil-mudou-de-ideia-15-dias/,/calculadora-preco-justo/,Calculadora de preço justo (Bazin e Graham),Benjamin Graham,0.145,Pelo número de Benjamin Graham,"Pelo número de <a href=""https://investirecocaresocomecar.com.br/calculadora-preco-justo/"">Benjamin Graham</a>",sim
L3,11719,/ambev-abev3-volta-carteira-btg-13-anos/,/abev3-copa-2026-vale-investir-pausa-hidratacao/,ABEV3 na Copa 2026: a cerveja grátis do Ancelotti já foi pro preço?,ABEV3,0.145,não compra ABEV3.,"não compra <a href=""https://investirecocaresocomecar.com.br/abev3-copa-2026-vale-investir-pausa-hidratacao/"">ABEV3</a>.",sim
L2,11731,/trxf11-faria-lima-dos-galpoes-vale-o-hype/,/fundos-imobiliarios-o-que-sao-fiis/,Fundos imobiliários (guia completo),fundo imobiliário,0.226,"Um fundo imobiliário pagou R$1,43","Um <a href=""https://investirecocaresocomecar.com.br/fundos-imobiliarios-o-que-sao-fiis/"">fundo imobiliário</a> pagou R$1,43",sim
L1,11733,/custo-real-morar-sozinho-aluguel-conta-completa/,/calculadora-1-milhao/,Calculadora: quanto falta para juntar 1 milhão,aportes mensais,0.075,veja quanto aportes mensais viram em,"veja quanto <a href=""https://investirecocaresocomecar.com.br/calculadora-1-milhao/"">aportes mensais</a> viram em",sim
L3,11935,/cxse3-bbse3-rebaixamento-jpmorgan-vale-a-pena/,/bbse3-cxse3-pssa3-melhor-seguradora-dividendos/,BBSE3 vs CXSE3 vs PSSA3: qual é a melhor seguradora para dividendos?,BBSE3,0.309,Seguridade (BBSE3) levou o,"Seguridade (<a href=""https://investirecocaresocomecar.com.br/bbse3-cxse3-pssa3-melhor-seguradora-dividendos/"">BBSE3</a>) levou o",sim
L2,12226,/fii-residencial-maior-mercado-menor-bolsa/,/fundos-imobiliarios-o-que-sao-fiis/,Fundos imobiliários (guia completo),fundos imobiliários,0.163,Os fundos imobiliários (FIIs) de,"Os <a href=""https://investirecocaresocomecar.com.br/fundos-imobiliarios-o-que-sao-fiis/"">fundos imobiliários</a> (FIIs) de",sim
L1,12321,/vale-a-pena-investir-acoes-baratas-bolsa-agora/,/calculadora-preco-justo/,Calculadora de preço justo (Bazin e Graham),preço justo,0.074,A primeira é o preço justo: cruza mais,"A primeira é o <a href=""https://investirecocaresocomecar.com.br/calculadora-preco-justo/"">preço justo</a>: cruza mais",sim
L2,12589,/fii-laje-corporativa-recorde-aluguel-sp-vale-a-pena/,/fundos-imobiliarios-o-que-sao-fiis/,Fundos imobiliários (guia completo),fundo imobiliário,0.149,"mesmo mês, o fundo imobiliário mais chique","mesmo mês, o <a href=""https://investirecocaresocomecar.com.br/fundos-imobiliarios-o-que-sao-fiis/"">fundo imobiliário</a> mais chique",sim
L3,13034,/bradsaude-saud3-lucro-sobe-acao-cai-sinistralidade/,/saud3-bradesco-vai-fechar-capital-bradsaude/,SAUD3: O Bradesco vai fechar o capital da BradSaúde?,SAUD3,0.258,A Bradsaúde (SAUD3,"A Bradsaúde (<a href=""https://investirecocaresocomecar.com.br/saud3-bradesco-vai-fechar-capital-bradsaude/"">SAUD3</a>",sim
L3,15955,/trxf11-queda-23-por-cento-13a-emissao-dividendos/,/trxf11-buraco-22-reais-cota-compensacao-de-creditos/,TRXF11: de onde vem o buraco de R$ 22 por cota e quem paga essa conta,TRXF11,0.222,dizendo que o TRXF11 é uma,"dizendo que o <a href=""https://investirecocaresocomecar.com.br/trxf11-buraco-22-reais-cota-compensacao-de-creditos/"">TRXF11</a> é uma",não
L1,18922,/ubs-rebaixa-brasil-neutro-ibovespa-fluxo-estrangeiro/,/quiz-perfil-de-investidor/,Quiz de perfil de investidor,seu perfil de risco,0.048,adequada ao seu perfil de risco.,"adequada ao <a href=""https://investirecocaresocomecar.com.br/quiz-perfil-de-investidor/"">seu perfil de risco</a>.",sim
L1,18925,/inss-deficit-317-bilhoes-reforma-2019-aposentadoria-geracao/,/calculadora-aposentadoria-renda-passiva/,Calculadora de aposentadoria com renda passiva e INSS,aposentadoria,0.175,"para a aposentadoria, apostando","para a <a href=""https://investirecocaresocomecar.com.br/calculadora-aposentadoria-renda-passiva/"">aposentadoria</a>, apostando",sim
L1,18931,/barsi-vendeu-banco-do-brasil-bbas3-verdade-preco-justo/,/calculadora-preco-justo/,Calculadora de preço justo (Bazin e Graham),preço justo,0.101,combinados de preço justo apontam algo,"combinados de <a href=""https://investirecocaresocomecar.com.br/calculadora-preco-justo/"">preço justo</a> apontam algo",sim
L3,18934,/pass3-compass-ipo-conflito-de-interesse-bancos-coordenadores/,/compass-pass3-bancos-ipo-recomendam-compra-conflito-interesse/,Compass (PASS3): Os Bancos que Venderam o IPO Agora Recomendam Comprar,PASS3,0.291,"comprar PASS3, a ação da","comprar <a href=""https://investirecocaresocomecar.com.br/compass-pass3-bancos-ipo-recomendam-compra-conflito-interesse/"">PASS3</a>, a ação da",sim
L1,19403,/renda-passiva-10-mil-por-mes-dividendos/,/calculadora-preco-justo/,Calculadora de preço justo (Bazin e Graham),Décio Bazin,0.091,O Décio Bazin escreveu o,"O <a href=""https://investirecocaresocomecar.com.br/calculadora-preco-justo/"">Décio Bazin</a> escreveu o",sim
L1,19404,/prefixado-ou-ipca-inflacao-implicita-conta/,/simulador-ntnb/,Simulador de marcação a mercado do Tesouro IPCA+,marcação a mercado,0.101,e desce com a marcação a mercado.,"e desce com a <a href=""https://investirecocaresocomecar.com.br/simulador-ntnb/"">marcação a mercado</a>.",não
L3,19473,/nubank-quer-comprar-monzo-acao-roxo34-caiu/,/acoes-do-nubank-roxo34-despencam-10-o-que-aconteceu-e-o-que-esperar/,Ações do Nubank (ROXO34) Despencam 15%: O Que Aconteceu e O Que Esperar?,ROXO34,0.122,"aqui na B3, o ROXO34, caiu 8,8%.","aqui na B3, o <a href=""https://investirecocaresocomecar.com.br/acoes-do-nubank-roxo34-despencam-10-o-que-aconteceu-e-o-que-esperar/"">ROXO34</a>, caiu 8,8%.",sim
L1,19479,/acoes-heineken-10-euros-por-dia-desde-1995/,/calculadora-1-milhao/,Calculadora: quanto falta para juntar 1 milhão,aporte mensal,0.058,Esse é o seu aporte mensal escondido.,"Esse é o seu <a href=""https://investirecocaresocomecar.com.br/calculadora-1-milhao/"">aporte mensal</a> escondido.",sim
