url,titulo_atual,motivo,ativos_que_linkam,titulo_sugerido,caracteres_sugerido,palavra_chave_principal,publicado_em,ano_no_titulo,datado_atualizar_conteudo,base_da_sugestao,observacao
https://investirecocaresocomecar.com.br/petr4-65-por-cento-lucro-estatais-vale-a-pena-investir/,PETR4 vale a pena? Petrobras concentra 65% do lucro das estatais,vale a pena,PETR4,PETR4: Petrobras concentra 65% do lucro das estatais,52,PETR4,2026-07-21,não,talvez: números de 2025 e tensão Irã x EUA de jul/2026; revisar após o próximo balanço,texto salvo em seo/_html,"intertítulos também usam 'vale a pena' e 'PETR4 x CDB: qual rende mais'; URL tem 'vale-a-pena' (manter, ou 301)"
https://investirecocaresocomecar.com.br/vale3-cobre-ia-vale-a-pena-investir/,VALE3 vale a pena em 2026? O motivo da alta não é o ferro de sempre,vale a pena,VALE3,"VALE3 em 2026: cobre, IA e o motivo da alta da ação",51,VALE3,2026-07-22,2026,"sim: alta de 50,6% em 12 meses e queda de julho/2026 no texto",texto salvo em seo/_html,intertítulos com 'é hora de vender?' e 'o preço está caro?' (regra 7.1); URL tem 'vale-a-pena'
https://investirecocaresocomecar.com.br/vale3-dividendos-prejuizo-e-oportunidades-de-investimento/,"VALE3: Dividendos, Prejuízo e Oportunidades de Investimento",extra: oportunidade (regra 7.1),VALE3,VALE3 no 4T24: prejuízo contábil e dividendos da Vale,53,VALE3 dividendos,2025-02-20,não,sim: post de fev/2025 sobre o 4T24; atualizar com resultado recente ou deixar claro que é histórico,texto salvo em seo/_html,texto cita bancos recomendando compra e a corretora; intertítulo 'Vale a pena investir?'
https://investirecocaresocomecar.com.br/itub3-ou-itub4-qual-e-melhor/,ITUB3 ou ITUB4: Qual é Melhor para Comprar?,melhor,ITUB4,ITUB3 ou ITUB4: diferenças entre a ação ON e a PN,49,ITUB3 ou ITUB4,2026-05-07,não,não,texto salvo em seo/_html,mesmo tema de /itub3-ou-itub4-qual-comprar/ (publicados com horas de diferença): juntar os dois e 301; a 'resposta direta' do texto aponta uma das ações (recomendação)
https://investirecocaresocomecar.com.br/itsa4-ou-itub4-qual-a-melhor-acao-para-investir/,Itsa4 ou Itub4: qual a melhor ação para investir,melhor,ITUB4,ITSA4 ou ITUB4: diferenças entre Itaúsa e Itaú Unibanco,55,ITSA4 ou ITUB4,2024-11-16,não,sim: post de nov/2024 com indicadores da época,texto salvo em seo/_html,ERRO no texto: chama ITSA4 de 'Banco Santander Brasil' (ITSA4 é a Itaúsa); corrigir antes do título
https://investirecocaresocomecar.com.br/itub3-ou-itub4-qual-comprar/,ITUB3 ou ITUB4: Qual Comprar? (A Diferença que Importa em 2026),extra: comprar (regra 7.1),ITUB4,"ITUB3 x ITUB4: liquidez, voto e dividendos do Itaú",50,ITUB3 x ITUB4,2026-05-07,2026,não pelo conteúdo; o ano 2026 do título pode sair,texto salvo em seo/_html,mesmo tema de /itub3-ou-itub4-qual-e-melhor/: juntar os dois e 301; texto diz qual comprar (recomendação)
https://investirecocaresocomecar.com.br/banco-do-brasil-bbas3-corte-dividendo-payout-2026/,Banco do Brasil (BBAS3) ainda vale a pena para dividendos em 2026?,vale a pena,BBAS3,BBAS3: corte do payout de 45% para 30% e os dividendos,54,BBAS3 dividendos,2026-07-07,2026,sim: lucro e payout de jul/2026; atualizar a cada resultado,texto salvo em seo/_html,intertítulo 'Vale a pena continuar com BBAS3'; título atual tem 2026
https://investirecocaresocomecar.com.br/bbas3-roe-abaixo-selic-banco-do-brasil-dividendos-2026/,Vale a Pena Manter BBAS3 em 2026? O Banco do Brasil que Rende Menos que o Tesouro Selic,vale a pena,BBAS3,BBAS3 no 1T26: ROE do Banco do Brasil abaixo da Selic,53,BBAS3 ROE,2026-05-25,2026,"sim: ROE de 7,3% do 1T26; atualizar com o último trimestre",texto salvo em seo/_html,o título atual se repete 4 vezes no topo do texto; FAQ 'devo vender BBAS3?' (regra 7.1)
https://investirecocaresocomecar.com.br/ambev-abev3-volta-carteira-btg-13-anos/,Ambev voltou pra carteira do BTG depois de 13 anos — vale comprar ABEV3?,nome de corretora,ABEV3,ABEV3: ROIC de 31% e o que mudou na Ambev em 13 anos,52,ABEV3,2026-07-24,não,sim: escrito antes do resultado do 2T26,texto salvo em seo/_html,"o post inteiro gira em torno da recomendação de uma corretora (nome no título, na URL e no texto); reescrever sem ela ou tirar o link da página de ABEV3"
https://investirecocaresocomecar.com.br/trxf11-faria-lima-dos-galpoes-vale-o-hype/,"TRXF11 pagou R$1,43 bilhão num galpão — vale a pena investir?",vale a pena,TRXF11,"TRXF11: o galpão de R$ 1,43 bilhão em Guarulhos",47,TRXF11,2026-07-24,não,"sim: yield de 12,89% de jul/2026 no texto",texto salvo em seo/_html,intertítulos com 'vale mais a pena que renda fixa?' e 'boa entrada'
https://investirecocaresocomecar.com.br/kncr11-subscricao-vale-a-pena/,KNCR11 Subscrição Vale a Pena?,vale a pena,KNCR11,"KNCR11: 12ª emissão de cotas a R$ 103,54",40,KNCR11 emissão,2025-10-01,não,"sim: emissão de out/2025, já encerrada; dizer no topo que é histórico ou atualizar",texto salvo em seo/_html,intertítulo 'Preço atrativo: uma oportunidade?' (regra 7.1)
