posicao,video_id,publicado,titulo,views,inscritos,classe,regravar_como,decisao_denis
1,U53EJSYX-ew,"Jan 2, 2020",BANCO NEXT ou NUBANK? Conta NUBANK ou NEXT qual o melhor? NEXT vale a pena? NUBANK como funciona?,113575,3474,tema perene: regravar atualizado,"conta digital: como comparar bancos digitais em 2026 (rendimento da conta, FGC, tarifas)",
2,cCXRxC3UpCg,"Dec 29, 2019",AÇÕES para 2020! Quais as melhores acoes para 2020? Ações para investir em 2020!,30174,1518,recomendação ou notícia datada: fica fora,,
3,k08bpBRzm3U,"May 14, 2020",SANTANDER USE O TRUQUE DOS BANCOS A SEU FAVOR! SANTANDER DÁ 10 DIAS DE DINHEIRO DE GRAÇA,95898,1292,tema perene: regravar atualizado,cheque especial e os dias sem juros: como os bancos cobram e como não pagar,
4,es9ap7LDRXo,"Dec 1, 2021","QUANTO RENDE 100, 1000 e 10.000 REAIS NA NUBANK? VALE A PENA INVESTIR COM POUCO DINHEIRO NA NUCONTA?",87777,1053,tema perene: regravar atualizado,"quanto rende R$ 100, R$ 1.000 e R$ 10.000 hoje (CDI, poupança, conta remunerada)",
5,sZtR98so5Ek,"Jan 30, 2020",Como COMPRAR ações da TESLA no Brasil? TESLA AÇÕES NASDAQ TSLA34,17533,800,tema perene: regravar atualizado,"como investir em empresas americanas pela B3: BDR, custos e IR",
6,0sKpoPOOizo,"Sep 12, 2019",OIBR3 noticias - OIBR3 2019 acoes OI analise | RAPIDINHA DO JAPÃO #23,15586,735,recomendação ou notícia datada: fica fora,,
7,WilRE6j5akw,"Jan 14, 2022",NUBANK DESPENCANDO -30%! O QUE FAZER COM NUBR33 COMPRAR OU VENDER? 2 JEITOS DE COMPRAR A AÇÃO,16979,672,recomendação ou notícia datada: fica fora,,
8,-lWZgsVR3T0,"Sep 18, 2020",DESDOBRAMENTO DE AÇÕES - Ações MGLU3 DESDOBRAMENTO RADL3 ações - Comprar ou Vender?,21711,636,tema perene: regravar atualizado,desdobramento de ações: o que muda (e o que não muda) para quem tem a ação,
9,HjjPWgeKL-g,"May 28, 2021","AÇÃO QUE VAI PAGAR R$ 2,73 POR AÇÃO É QUERIDINHA DO LUIZ BARSI E SUBIU +100% 2021",35025,603,recomendação ou notícia datada: fica fora,,
10,i94pjyZKO9Y,"Jul 9, 2020","IRBR3 COMPRE SÓ HOJE AÇÕES IRB BRASIL IRBR3 COM 25,6% DE DESCONTO | RAPIDINHA DO JAPÃO #263",22443,595,recomendação ou notícia datada: fica fora,,
11,M-Lc-25ALoc,"Jan 19, 2020",SMALL CAPS 2020 - As melhores SMALL CAPS para INVESTIR em 2020,19610,582,recomendação ou notícia datada: fica fora,,
12,o0vcq6B5trU,"Dec 10, 2019",STBP3 SMALL CAP SANTOS BRASIL - STBP3 vale a pena? Small caps promissoras de 2019,10642,557,recomendação ou notícia datada: fica fora,,
13,bgRfeWD0Ilw,"Feb 17, 2021",OIBR3 AÇÕES - WARREN BUFFET DEIXA PISTAS PARA O ACIONISTA OIBR3! WARREN BUFFET INVESTIRIA EM OIBR3?,34420,555,recomendação ou notícia datada: fica fora,,
14,r6VZvfPgELk,"Sep 22, 2020","AÇÕES BARATAS, AÇÃO SOBE 15% E PODE SUBIR MAIS! AÇÕES COM TENDÊNCIA DE ALTA 2021",22243,537,recomendação ou notícia datada: fica fora,,
15,ZhcfVg2Nah0,"Sep 14, 2020",IRBR3 AÇÕES - ACIONISTAS VÃO PROCESSAR A IRB BRASIL IRBR3! SAIBA MAIS,23659,523,recomendação ou notícia datada: fica fora,,
16,aWC2feyFI1E,"May 8, 2020",AÇÕES VVAR3 FOLLOW ON! VIA VAREJO VAI FAZER FOLLOW ON! JUSTO AGORA FULCHERBERGER? VVAR3 2020 | #230,22247,502,tema perene: regravar atualizado,"follow-on: o que é, por que dilui e o que o acionista pode fazer",
17,fa7ziMZUink,"Jul 21, 2021",💣IRBR3 - BARSI COMPRA AÇÕES DA IRB BRASIL E REVELA PREÇO ALVO PARA AS AÇÕES  IRBR3!,43728,489,recomendação ou notícia datada: fica fora,,
18,u3_TFANhdvA,"Oct 25, 2020",ITSA4 AÇÕES - PODE SER A SUA ULTIMA CHANCE COM AS AÇÕES ITAÚSA ITSA4 2021,34457,471,recomendação ou notícia datada: fica fora,,
19,evoFoAeUhAE,"Oct 6, 2020","IRBR3 AÇÕES IRB BRASIL ""VAI ESPERAR CAIR 47%?"" DISSERAM SOBRE IRBR3 IRB BRASIL",24939,452,recomendação ou notícia datada: fica fora,,
20,Q-vbdL4isTk,"Jun 4, 2020",TOP 5 AÇÕES MAIS RECOMENDADAS PARA JUNHO 2020! TEM UMA NOVIDADE! MELHORES AÇÕES PARA INVESTIR JUNHO,17290,442,recomendação ou notícia datada: fica fora,,
21,Xi__i6FuNd4,"Mar 16, 2021","DIVIDENDOS AÇÃO VAI PAGAR R$ 4,80* POR AÇÃO EM DIVIDENDOS!AURA33",25503,430,recomendação ou notícia datada: fica fora,,
22,V3oQxu9nark,"Dec 9, 2021",NUBANK IPO:AÇÃO DISPARA em estreia na Bolsa de Valores de Nova York 35%ALTA|VENDER OU FICAR NUSOCIOS,28308,413,recomendação ou notícia datada: fica fora,,
23,S55HqFyrjkI,"May 1, 2020",STBP3 PODE SER A ULTIMA CHANCE DE VOCÊ DOBRAR SEU CAPITAL COM AS AÇÕES SANTOS BRASIL!,20306,407,recomendação ou notícia datada: fica fora,,
24,cxZ-x25SB4A,"May 18, 2022",O que fazer com as AÇÕES da NUBANK (NUBR33)?,29722,386,recomendação ou notícia datada: fica fora,,
25,XRl_3LjuuN4,"Jun 4, 2020",AÇÕES VVAR3 FOLLOW ON! FOLLOW ON VIA VAREJO VVAR3 É ANUNCIADO e AGORA O QUE FAZER? | RAPIDINHA #245,25171,380,tema perene: regravar atualizado,"follow-on: o que é, por que dilui e o que o acionista pode fazer",
26,1QUnhC0wzJo,"Jun 8, 2020",MELHORES SMALL CAPS MAIS RECOMENDADAS PARA JUNHO 2020! SMALL CAPS PARA INVESTIR EM JUNHO 2020,14526,375,recomendação ou notícia datada: fica fora,,
27,WyoinAgkydQ,"Oct 9, 2020","IRBR3 IRB BRASIL - AÇÕES IRBR3 IRB BRASIL REAGEM +20%, agora VAI?",13885,361,recomendação ou notícia datada: fica fora,,
28,HwkzwPK3Xds,"Sep 23, 2020",FIIS FUNDO IMOBILIARIO -  E AGORA? O que fazer com seus fundos de investimento imobiliário?,18974,350,recomendação ou notícia datada: fica fora,,
29,j71eHPEdrHA,"Oct 22, 2020","STBP3 SANTOS BRASIL - Investir nas AÇÕES STBP3 vale a pena, ainda?",25553,349,recomendação ou notícia datada: fica fora,,
30,hHveRO4TSP4,"Aug 15, 2021","ESSA AÇÃO VAI PAGAR R$3,27 de DIVIDENDOS, MAS PRECISA CORRER QUE A DATA-EX TÁ AÍ",26601,333,recomendação ou notícia datada: fica fora,,
