arquivo,id,tipo,status,video_data,video_formato,video_titulo,temas,instagram_data,instagram_horario,x_data,x_horario,mensagem_capa,n_slides,n_posts,max_chars_post,estrutura,mecanica,pendencias_checar,autoexame,risco_juiz,gate_resultado,gate_bloqueantes,gate_avisos,gate_codigos,juiz_post,leitor_frio
2026-10-05-lci-e-lca-ou-cdb-qual-rende-mais-depois-do-imposto.md,2026-10-05-lci-e-lca-ou-cdb-qual-rende-mais-depois-do-imposto,🎬 vídeo do canal,rascunho,2026-10-05,short,LCI e LCA ou CDB: qual rende mais depois do imposto?,renda fixa bancária,2026-10-05,18:00,2026-10-05,12:00,"Uma aplicação que paga taxa menor pode deixar mais dinheiro no bolso, por causa do imposto.",4,3,199,D,tradutor-juramentado,0,OK,médio,OK,0,0,,pendente,pendente
2026-10-06-etfs-que-pagam-dividendos-mensais-o-que-mudou-em.md,2026-10-06-etfs-que-pagam-dividendos-mensais-o-que-mudou-em,🎬 vídeo do canal,rascunho,2026-10-06,longo,ETFs que pagam dividendos mensais: o que mudou em 2026,ETF,2026-10-07,12:00,2026-10-06,19:30,O vídeo confere se os fundos que pagam renda mensal entregaram o que prometiam.,5,4,187,E,mito-x-fato,0,OK,baixo,OK,0,0,,pendente,pendente
2026-10-07-como-juntar-1-milhao-de-reais-com-r-1-000-por-mes.md,2026-10-07-como-juntar-1-milhao-de-reais-com-r-1-000-por-mes,🎬 vídeo do canal,rascunho,2026-10-07,short,Como juntar 1 milhão de reais com R$ 1.000 por mês,juntar dinheiro,2026-10-07,18:00,2026-10-07,12:00,Guardar R$ 1.000 por mês leva bem mais tempo do que prometem pra virar um milhão.,4,3,205,A,extrato-falso,0,OK,alto,OK,0,0,,pendente,pendente
2026-10-08-tesouro-ipca-a-7-em-janeiro-quanto-ganhou-quem.md,2026-10-08-tesouro-ipca-a-7-em-janeiro-quanto-ganhou-quem,🎬 vídeo do canal,rascunho,2026-10-08,longo,Tesouro IPCA+ a 7% em janeiro: quanto ganhou quem comprou,Tesouro,2026-10-09,12:00,2026-10-08,19:30,O vídeo mostra quanto ganhou até agora quem comprou o título do Tesouro em janeiro.,5,4,190,E,atendimento-ao-cliente,0,OK,baixo,OK,0,0,,pendente,pendente
2026-10-12-resgatou-o-cdb-antes-de-30-dias-o-iof-come-o.md,2026-10-12-resgatou-o-cdb-antes-de-30-dias-o-iof-come-o,🎬 vídeo do canal,rascunho,2026-10-12,short,Resgatou o CDB antes de 30 dias? O IOF come o rendimento,renda fixa bancária,2026-10-12,18:00,2026-10-12,12:00,Sacar o CDB antes de 30 dias faz um imposto comer parte do rendimento.,4,3,162,A,manual-invertido,0,OK,médio,OK,0,0,,pendente,pendente
2026-10-13-dividendos-mensais-com-acoes-como-montar-um.md,2026-10-13-dividendos-mensais-com-acoes-como-montar-um,🎬 vídeo do canal,rascunho,2026-10-13,longo,Dividendos mensais com ações: como montar um calendário,ações e dividendos,2026-10-14,12:00,2026-10-13,19:30,"Receber dividendo mensal depende de montar um calendário de pagamentos, não de achar uma ação mágica.",5,4,189,D,eco-do-gatilho (cair),0,OK,médio,OK,0,0,,pendente,pendente
2026-10-14-tesouro-ipca-negativo-calma-isso-tem-nome.md,2026-10-14-tesouro-ipca-negativo-calma-isso-tem-nome,🎬 vídeo do canal,rascunho,2026-10-14,short,"Tesouro IPCA+ negativo? Calma, isso tem nome",Tesouro,2026-10-14,18:00,2026-10-14,12:00,Ver o título do Tesouro no vermelho no app não quer dizer prejuízo.,4,3,174,A,tradutor-juramentado,0,OK,baixo,OK,0,0,,pendente,pendente
2026-10-15-crise-financeira-o-grafico-de-1929-2008-e-2020.md,2026-10-15-crise-financeira-o-grafico-de-1929-2008-e-2020,🎬 vídeo do canal,rascunho,2026-10-15,longo,"Crise financeira: o gráfico de 1929, 2008 e 2020, hoje",crise,2026-10-16,12:00,2026-10-15,19:30,Um gráfico que acertou três crises passa por revisão: o que mostra hoje e quantas vezes errou.,5,4,186,B,boletim-escolar,0,OK,médio,OK,0,0,,pendente,pendente
2026-10-19-fii-e-isento-de-imposto-so-se-cumprir-estas-3.md,2026-10-19-fii-e-isento-de-imposto-so-se-cumprir-estas-3,🎬 vídeo do canal,rascunho,2026-10-19,short,FII é isento de imposto? Só se cumprir estas 3 regras,IR; FII,2026-10-19,18:00,2026-10-19,12:00,O rendimento do fundo imobiliário fica sem imposto de renda se três regras forem cumpridas.,4,3,185,D,pergunta-do-leitor,0,OK,médio,OK,0,0,,pendente,pendente
2026-10-20-etf-de-dividendos-mensais-com-opcoes-de-onde-vem.md,2026-10-20-etf-de-dividendos-mensais-com-opcoes-de-onde-vem,🎬 vídeo do canal,rascunho,2026-10-20,longo,ETF de dividendos mensais com opções: de onde vem a renda,ETF,2026-10-21,12:00,2026-10-20,19:30,Esses fundos pagam renda alta porque vendem uma parte da alta futura das ações.,5,4,180,C,tradutor-juramentado,0,OK,médio,OK,0,0,,pendente,pendente
2026-10-21-casal-que-investe-junto-a-conversa-que-vem-antes.md,2026-10-21-casal-que-investe-junto-a-conversa-que-vem-antes,🎬 vídeo do canal,rascunho,2026-10-21,short,Casal que investe junto: a conversa que vem antes do dinheiro,comportamento,2026-10-21,18:00,2026-10-21,12:00,"Antes de investir a dois, o casal combina pra que serve o dinheiro e pra quando.",4,3,187,B,manual-invertido,0,OK,alto,OK,0,0,,pendente,pendente
2026-10-22-lci-e-lca-ou-cdb-a-conta-de-2026-com-imposto-e.md,2026-10-22-lci-e-lca-ou-cdb-a-conta-de-2026-com-imposto-e,🎬 vídeo do canal,rascunho,2026-10-22,longo,LCI e LCA ou CDB: a conta de 2026 com imposto e prazo,renda fixa bancária,2026-10-23,12:00,2026-10-22,19:30,"Antes de deixar R$ 80 mil presos por um ano, a conta tem imposto, prazo e garantia.",5,4,189,C,eco-do-gatilho (preso),0,OK,médio,OK,0,0,,pendente,pendente
2026-10-26-fgc-o-que-cobre-e-o-que-nao-cobre.md,2026-10-26-fgc-o-que-cobre-e-o-que-nao-cobre,🎬 vídeo do canal,rascunho,2026-10-26,short,FGC: o que cobre e o que não cobre,renda fixa bancária,2026-10-26,18:00,2026-10-26,12:00,"A garantia contra quebra de banco tem limite e deixa Tesouro, fundos e ações de fora.",4,3,205,A,atendimento-ao-cliente,0,OK,médio,OK,0,0,,pendente,pendente
2026-10-27-etf-de-dividendos-mensais-ou-fundo-imobiliario-o.md,2026-10-27-etf-de-dividendos-mensais-ou-fundo-imobiliario-o,🎬 vídeo do canal,rascunho,2026-10-27,longo,ETF de dividendos mensais ou fundo imobiliário: o que sobra,ETF; FII,2026-10-28,12:00,2026-10-27,19:30,"Pra comparar dois tipos de fundo de renda mensal, o que importa é o que sobra depois de taxa e imposto.",5,4,229,C,contraste,0,OK,médio,OK,0,0,,pendente,pendente
2026-10-28-quanto-rende-r-1-000-no-tesouro-selic-hoje.md,2026-10-28-quanto-rende-r-1-000-no-tesouro-selic-hoje,🎬 vídeo do canal,rascunho,2026-10-28,short,Quanto rende R$ 1.000 no Tesouro Selic hoje,Tesouro,2026-10-28,18:00,2026-10-28,12:00,"O vídeo mostra quanto sobra de R$ 1.000 no Tesouro em um ano, depois do imposto.",4,3,170,D,conta-rapida,3,OK,baixo,OK,0,0,,pendente,pendente
2026-10-29-tesouro-ipca-acima-de-7-o-que-e-travar-a-taxa.md,2026-10-29-tesouro-ipca-acima-de-7-o-que-e-travar-a-taxa,🎬 vídeo do canal,rascunho,2026-10-29,longo,Tesouro IPCA+ acima de 7%: o que é travar a taxa,Tesouro,2026-10-30,12:00,2026-10-29,19:30,"Travar a taxa do Tesouro garante o combinado no fim, mas o preço no caminho continua mudando.",5,4,152,E,eco-do-gatilho (travar),0,OK,médio,OK,0,0,,pendente,pendente
2026-10-31-trxf11-o-que-aconteceu-com-a-renda-desde-agosto.md,2026-10-31-trxf11-o-que-aconteceu-com-a-renda-desde-agosto,🎬 vídeo do canal,rascunho,2026-10-31,longo,TRXF11: o que aconteceu com a renda desde agosto,FII,2026-11-01,12:00,2026-10-31,19:30,"O vídeo mostra os números do fundo mais buscado no canal desde agosto, sem dizer se compra ou vende.",5,4,203,B,mito-x-fato,0,OK,baixo,OK,0,0,,pendente,pendente
2026-11-02-jcp-em-2026-ja-vem-com-17-5-de-imposto.md,2026-11-02-jcp-em-2026-ja-vem-com-17-5-de-imposto,🎬 vídeo do canal,rascunho,2026-11-02,short,"JCP em 2026: já vem com 17,5% de imposto",IR; ações e dividendos,2026-11-02,18:00,2026-11-02,12:00,"Esse provento pago pela empresa chega na conta com 17,5% de imposto descontado.",4,3,192,C,contraste,0,OK,baixo,OK,0,0,,pendente,pendente
2026-11-03-dividendos-mensais-de-r-1-000-quanto-precisa.md,2026-11-03-dividendos-mensais-de-r-1-000-quanto-precisa,🎬 vídeo do canal,rascunho,2026-11-03,longo,Dividendos mensais de R$ 1.000: quanto precisa investir,ações e dividendos; FII; Tesouro,2026-11-04,12:00,2026-11-03,19:30,"Pra receber R$ 1.000 por mês, o dinheiro investido depende de quanto cada investimento rende depois do imposto.",5,4,164,D,conta-rapida,0,OK,baixo,OK,0,0,,pendente,pendente
2026-11-04-copom-hoje-3-numeros-para-olhar-no-seu-tesouro.md,2026-11-04-copom-hoje-3-numeros-para-olhar-no-seu-tesouro,🎬 vídeo do canal,rascunho,2026-11-04,short,Copom hoje: 3 números para olhar no seu Tesouro,Tesouro; juros,2026-11-04,10:00,2026-11-04,09:00,"Antes da decisão dos juros de hoje, anote três números do seu Tesouro pra comparar amanhã.",4,3,203,C,previsao-do-tempo,0,OK,baixo,OK,0,0,,pendente,pendente
2026-11-05-tesouro-direto-apos-o-copom-o-que-muda-no-ipca-e.md,2026-11-05-tesouro-direto-apos-o-copom-o-que-muda-no-ipca-e,🎬 vídeo do canal,rascunho,2026-11-05,longo,Tesouro Direto após o Copom: o que muda no IPCA+ e prefixado,Tesouro; juros,2026-11-06,12:00,2026-11-05,19:30,"Depois da decisão dos juros, o preço dos títulos do Tesouro mexeu; o contrato de quem leva até o fim, não.",5,4,161,E,atendimento-ao-cliente,2,OK,médio,OK,0,0,,pendente,pendente
2026-11-07-fundos-imobiliarios-para-iniciantes-de-onde-vem-a.md,2026-11-07-fundos-imobiliarios-para-iniciantes-de-onde-vem-a,🎬 vídeo do canal,rascunho,2026-11-07,longo,Fundos imobiliários para iniciantes: de onde vem a renda,FII,2026-11-08,12:00,2026-11-07,19:30,Fundo imobiliário é aluguel e juros de imóveis divididos entre muita gente.,5,4,188,A,tradutor-juramentado,0,OK,médio,OK,0,0,,pendente,pendente
2026-11-09-imposto-sobre-dividendos-acima-de-r-50-mil-por.md,2026-11-09-imposto-sobre-dividendos-acima-de-r-50-mil-por,🎬 vídeo do canal,rascunho,2026-11-09,short,Imposto sobre dividendos acima de R$ 50 mil por mês: quem paga,IR; ações e dividendos,2026-11-09,18:00,2026-11-09,12:00,O imposto novo sobre dividendos vale pra quem recebe mais de R$ 50 mil por mês de uma mesma empresa.,4,3,187,D,mito-x-fato,0,OK,médio,OK,0,0,,pendente,pendente
2026-11-10-renda-mensal-com-tesouro-direto-juros-semestrais.md,2026-11-10-renda-mensal-com-tesouro-direto-juros-semestrais,🎬 vídeo do canal,rascunho,2026-11-10,longo,Renda mensal com Tesouro Direto: juros semestrais e RendA+,Tesouro,2026-11-11,12:00,2026-11-10,19:30,"O Tesouro paga renda de dois jeitos: juros a cada seis meses, ou pagamento mensal a partir de uma data.",5,4,214,B,extrato-falso,0,OK,médio,OK,0,0,,pendente,pendente
2026-11-11-fii-ou-aluguel-quanto-rende-r-100-mil-em-cada-um.md,2026-11-11-fii-ou-aluguel-quanto-rende-r-100-mil-em-cada-um,🎬 vídeo do canal,rascunho,2026-11-11,short,FII ou aluguel: quanto rende R$ 100 mil em cada um,FII,2026-11-11,18:00,2026-11-11,12:00,"Comparar apartamento alugado e fundo imobiliário com R$ 100 mil exige descontar custos, imposto e tempo pra vender.",4,3,230,A,contraste,0,OK,baixo,OK,0,0,,pendente,pendente
2026-11-12-fundo-imobiliario-ou-imovel-alugado-a-conta-de.md,2026-11-12-fundo-imobiliario-ou-imovel-alugado-a-conta-de,🎬 vídeo do canal,rascunho,2026-11-12,longo,Fundo imobiliário ou imóvel alugado: a conta de 2026,FII,2026-11-13,12:00,2026-11-12,19:30,Imóvel e fundo imobiliário escondem custos diferentes; a comparação justa olha cinco coisas.,5,4,194,C,eco-do-gatilho (escondido),0,OK,médio,OK,0,0,,pendente,pendente
2026-11-14-cdb-prefixado-ou-pos-fixado-qual-rende-mais-em.md,2026-11-14-cdb-prefixado-ou-pos-fixado-qual-rende-mais-em,🎬 vídeo do canal,rascunho,2026-11-14,longo,CDB prefixado ou pós-fixado: qual rende mais em 2026,renda fixa bancária,2026-11-15,12:00,2026-11-14,19:30,Escolher entre CDB de taxa travada e CDB que acompanha os juros é uma aposta sobre os juros do futuro.,5,4,203,E,atendimento-ao-cliente,0,OK,médio,OK,0,0,,pendente,pendente
2026-11-16-perfil-de-investidor-3-perguntas-antes-de-investir.md,2026-11-16-perfil-de-investidor-3-perguntas-antes-de-investir,🎬 vídeo do canal,rascunho,2026-11-16,short,Perfil de investidor: 3 perguntas antes de investir,comportamento,2026-11-16,18:00,2026-11-16,12:00,"Antes de investir, três perguntas: prazo, objetivo e o que você faz se cair.",4,3,193,B,manual-invertido,0,OK,alto,AVISOS,0,2,DADOS_VELHOS;PADRAO_IA,pendente,pendente
2026-11-17-etf-de-dividendos-mensais-quanto-a-taxa-tira-da.md,2026-11-17-etf-de-dividendos-mensais-quanto-a-taxa-tira-da,🎬 vídeo do canal,rascunho,2026-11-17,longo,ETF de dividendos mensais: quanto a taxa tira da renda,ETF,2026-11-18,12:00,2026-11-17,19:30,"Uma taxa de 1,5% ao ano tira cerca de 14% do patrimônio em 10 anos.",5,5,172,C,elogio-envenenado,0,OK,baixo,AVISOS,0,2,DADOS_VELHOS,pendente,pendente
2026-11-18-juros-compostos-por-que-1-centavo-dobrando-todo.md,2026-11-18-juros-compostos-por-que-1-centavo-dobrando-todo,🎬 vídeo do canal,rascunho,2026-11-18,short,Juros compostos: por que 1 centavo dobrando todo dia não existe,juntar dinheiro,2026-11-18,18:00,2026-11-18,12:00,"A conta do centavo que dobra é real, mas investimento que dobra a cada dia não existe.",5,3,169,B,pergunta-do-leitor,0,OK,alto,AVISOS,0,2,DADOS_VELHOS,pendente,pendente
2026-11-19-bitcoin-depois-do-alerta-o-que-mudou-desde.md,2026-11-19-bitcoin-depois-do-alerta-o-que-mudou-desde,🎬 vídeo do canal,rascunho,2026-11-19,longo,Bitcoin depois do 'alerta': o que mudou desde fevereiro,cripto,2026-11-20,12:00,2026-11-19,19:30,"O vídeo confere, com os dados de hoje, os argumentos do alerta de fevereiro sobre o bitcoin.",5,4,200,E,necrologio,0,OK,baixo,AVISOS,0,2,DADOS_VELHOS,pendente,pendente
2026-11-21-bolha-da-ia-o-que-dizem-os-numeros.md,2026-11-21-bolha-da-ia-o-que-dizem-os-numeros,🎬 vídeo do canal,rascunho,2026-11-21,longo,Bolha da IA: o que dizem os números,IA,2026-11-22,12:00,2026-11-21,19:30,O vídeo mostra se o preço das empresas de inteligência artificial anda junto com o lucro delas.,5,4,174,B,boletim-escolar,0,OK,alto,AVISOS,0,2,DADOS_VELHOS,pendente,pendente
2026-11-23-reserva-de-emergencia-onde-deixar-e-onde-nao.md,2026-11-23-reserva-de-emergencia-onde-deixar-e-onde-nao,🎬 vídeo do canal,rascunho,2026-11-23,short,Reserva de emergência: onde deixar e onde não deixar,renda fixa bancária,2026-11-23,18:00,2026-11-23,12:00,"Reserva de emergência fica onde dá pra sacar rápido, sem perder e rendendo.",4,3,200,A,manual-invertido,0,OK,alto,AVISOS,0,2,DADOS_VELHOS,pendente,pendente
2026-11-24-dividendos-mensais-com-a-selic-caindo-o-que.md,2026-11-24-dividendos-mensais-com-a-selic-caindo-o-que,🎬 vídeo do canal,rascunho,2026-11-24,longo,Dividendos mensais com a Selic caindo: o que acontece,juros; ações e dividendos; FII,2026-11-25,12:00,2026-11-24,19:30,"Quando os juros do país caem, a renda fixa nova paga menos e cada tipo de renda reage de um jeito.",5,4,188,D,eco-do-gatilho (vizinho),0,OK,médio,AVISOS,0,2,DADOS_VELHOS,pendente,pendente
2026-11-25-taxa-de-administracao-do-etf-quanto-tira-em-10.md,2026-11-25-taxa-de-administracao-do-etf-quanto-tira-em-10,🎬 vídeo do canal,rascunho,2026-11-25,short,Taxa de administração do ETF: quanto tira em 10 anos,ETF,2026-11-25,18:00,2026-11-25,12:00,"Em 10 anos, a diferença entre uma taxa de 0,5% e uma de 1,5% ao ano vira milhares de reais.",5,3,145,A,conta-rapida,0,OK,baixo,AVISOS,0,2,DADOS_VELHOS,pendente,pendente
2026-11-26-fundos-imobiliarios-cairam-em-2026-e-a-renda-deles.md,2026-11-26-fundos-imobiliarios-cairam-em-2026-e-a-renda-deles,🎬 vídeo do canal,rascunho,2026-11-26,longo,Fundos imobiliários caíram em 2026: e a renda deles?,FII,2026-11-27,12:00,2026-11-26,19:30,"Em 2026, o preço das cotas dos fundos imobiliários caiu; o vídeo mostra se o aluguel distribuído caiu junto.",5,4,146,D,contraste,0,OK,baixo,AVISOS,0,2,DADOS_VELHOS,pendente,pendente
2026-11-28-tesouro-direto-na-reserva-de-emergencia-selic-cdb.md,2026-11-28-tesouro-direto-na-reserva-de-emergencia-selic-cdb,🎬 vídeo do canal,rascunho,2026-11-28,longo,"Tesouro Direto na reserva de emergência: Selic, CDB ou conta",Tesouro; renda fixa bancária,2026-11-29,12:00,2026-11-28,19:30,"Pra reserva de emergência, o vídeo compara Tesouro Selic, CDB de saque diário e conta remunerada.",5,4,215,C,atendimento-ao-cliente,0,OK,alto,AVISOS,0,2,DADOS_VELHOS,pendente,pendente
