livro,autor,fonte,n_resenhas_lidas,nota_media,tema,tipo,contagem,exemplo_curto
"Pai Rico, Pai Pobre",Robert Kiyosaki,Goodreads,24,4.08,Ativo x passivo muda a cabeça sobre dinheiro,elogio,9,Regra número um: saber a diferença entre ativo e passivo e comprar ativos.
"Pai Rico, Pai Pobre",Robert Kiyosaki,Goodreads,24,4.08,Culpa o pobre e despreza educação formal / o 'pai pobre',critica,6,Trata quem estudou e quem trabalha como se fossem tolos.
"Pai Rico, Pai Pobre",Robert Kiyosaki,Goodreads,24,4.08,"Diz o quê, não diz o como; sem aplicação concreta",critica,5,"Livro de autoajuda genérico: fala o que fazer, nunca como fazer."
"Pai Rico, Pai Pobre",Robert Kiyosaki,Goodreads,24,4.08,Tom arrogante e repetitivo,critica,3,O autor precisava de um pouco de humildade; as 'pérolas' repetidas cansam.
"Pai Rico, Pai Pobre",Robert Kiyosaki,Goodreads,24,4.08,Informação falsa ou enganosa,critica,2,O entusiasmo que gera é anulado pelas informações erradas que ensina.
"Pai Rico, Pai Pobre",Robert Kiyosaki,Goodreads,24,4.08,Me fez comprar imóveis para investir,elogio,1,"Depois de ler, eu e meu marido compramos imóveis para renda."
"Pai Rico, Pai Pobre",Robert Kiyosaki,Goodreads,24,4.08,"Afinal, onde estão os números e o passo a passo?",pergunta,3,"Todo mundo sabe que não sabe cuidar de dinheiro. Então, como?"
O Investidor Inteligente,Benjamin Graham,Goodreads,28,4.23,"Investir x especular, Sr. Mercado, margem de segurança",elogio,7,Seu objetivo principal é não perder dinheiro; entenda investir versus especular.
O Investidor Inteligente,Benjamin Graham,Goodreads,28,4.23,Clássico avalizado por Buffett,elogio,8,Li porque Buffett chama de melhor livro de investimento já escrito.
O Investidor Inteligente,Benjamin Graham,Goodreads,28,4.23,"Denso, longo e seco",critica,5,Tão longo e tão seco que larguei várias vezes.
O Investidor Inteligente,Benjamin Graham,Goodreads,28,4.23,Desatualizado; comentários de Jason Zweig salvam,critica,9,Os comentários e notas foram mais úteis que o texto original.
O Investidor Inteligente,Benjamin Graham,Goodreads,28,4.23,Difícil para iniciante absoluto,critica,2,Não é para quem quer começar do zero entendendo o que é a bolsa.
O Investidor Inteligente,Benjamin Graham,Goodreads,28,4.23,Não ensina um jeito claro de calcular valor intrínseco,duvida,1,Tanta palavra sobre valor intrínseco e nenhum método claro para calcular.
O Investidor Inteligente,Benjamin Graham,Goodreads,28,4.23,Leitor conclui que fundo de índice basta,pergunta,4,Não sou bom de conta para avaliar empresas; vou de fundos amplos.
Os Segredos da Mente Milionária,T. Harv Eker,Goodreads,25,4.22,Propaganda dos seminários do autor,critica,5,Um longo comercial dos seminários do autor.
Os Segredos da Mente Milionária,T. Harv Eker,Goodreads,25,4.22,"Autoajuda, lei da atração e rituais",critica,6,Toque a cabeça e diga: eu tenho uma mente milionária. Chega.
Os Segredos da Mente Milionária,T. Harv Eker,Goodreads,25,4.22,Zero conselho financeiro prático,critica,4,Não há um único conselho financeiro prático que dê para usar.
Os Segredos da Mente Milionária,T. Harv Eker,Goodreads,25,4.22,Rico x pobre maniqueísta; sucesso só individual,critica,4,"Raso, individualiza sucesso e fracasso como se o resto não existisse."
Os Segredos da Mente Milionária,T. Harv Eker,Goodreads,25,4.22,'Modelo de dinheiro' herdado da infância faz sentido,elogio,5,Interessante ver como hábitos com dinheiro vêm do que vimos nossos pais fazer.
Os Segredos da Mente Milionária,T. Harv Eker,Goodreads,25,4.22,Sistema de potes para dividir a renda,elogio,1,A melhor parte foi o sistema de gestão do dinheiro.
Do Mil ao Milhão,Thiago Nigro,Goodreads,29,3.86,Introdução simples para iniciante,elogio,13,"Para quem quer começar a entender o que é investir, explica de forma muito simples."
Do Mil ao Milhão,Thiago Nigro,Goodreads,29,3.86,Superficial / básico demais,critica,11,Composto por muitas frases prontas e superficiais.
Do Mil ao Milhão,Thiago Nigro,Goodreads,29,3.86,"Tom de coach, autoajuda e autobiografia",critica,6,Tive preconceito porque o acho muito coach.
Do Mil ao Milhão,Thiago Nigro,Goodreads,29,3.86,Gráficos ilegíveis no Kindle,critica,3,"Como li no Kindle, os gráficos perderam qualidade."
Do Mil ao Milhão,Thiago Nigro,Goodreads,29,3.86,"Organização confusa, edição às pressas",critica,3,"Pareceu escrito com boa intenção, mas às pressas e sem edição."
Do Mil ao Milhão,Thiago Nigro,Goodreads,29,3.86,Parte 'Ganhar Mais' (carreira) é a melhor,elogio,3,"Recomendo especialmente o capítulo 3, Ganhar Mais."
Do Mil ao Milhão,Thiago Nigro,Goodreads,29,3.86,Compara poupança x Tesouro e ensina conta de juros e IR,elogio,4,Ensina a calcular os juros e o abatimento do imposto de renda.
Do Mil ao Milhão,Thiago Nigro,Goodreads,29,3.86,Dá mesmo para transformar mil em um milhão?,duvida,2,Causa a ilusão de que o montante vai multiplicar por mil em tempo recorde.
Do Mil ao Milhão,Thiago Nigro,Goodreads,29,3.86,Faltou aprofundar ações,pergunta,2,"Não aprofundado em diversos pontos, principalmente investimento em ações."
Investimentos Inteligentes,Gustavo Cerbasi,Goodreads,30,3.99,"Didático, panorama para iniciante",elogio,16,"Gostaria de ter lido antes, quando estava começando."
Investimentos Inteligentes,Gustavo Cerbasi,Goodreads,30,3.99,Raso para quem já sabe,critica,5,Para quem já tem experiência é muito simples e superficial.
Investimentos Inteligentes,Gustavo Cerbasi,Goodreads,30,3.99,Denso: muita coisa de uma vez,critica,3,"Para quem não tem contato, talvez seja demais para aprender de uma vez."
Investimentos Inteligentes,Gustavo Cerbasi,Goodreads,30,3.99,Pé no chão na realidade brasileira,elogio,2,Finanças pessoais com um pé no chão na realidade brasileira.
Investimentos Inteligentes,Gustavo Cerbasi,Goodreads,30,3.99,Explica imposto de cada investimento e previdência,elogio,2,Mostra como os impostos são calculados e recolhidos em cada investimento.
Investimentos Inteligentes,Gustavo Cerbasi,Goodreads,30,3.99,Algumas informações desatualizadas,critica,1,"Escrito há quase 10 anos, algumas informações não estão atualizadas."
Investimentos Inteligentes,Gustavo Cerbasi,Goodreads,30,3.99,Foco excessivo em fundos,critica,1,"Fala muito de fundos de investimento, fundos, fundos."
Investimentos Inteligentes,Gustavo Cerbasi,Goodreads,30,3.99,O que ler depois para aprofundar?,pergunta,2,Senti falta de indicações para se aprofundar em cada tipo.
O Homem Mais Rico da Babilônia,George S. Clason,Goodreads,25,4.23,Pague-se primeiro: guarde 10%,elogio,11,Não importa o tamanho da renda: 10% dela é seu para guardar.
O Homem Mais Rico da Babilônia,George S. Clason,Goodreads,25,4.23,Formato de parábolas torna leve,elogio,7,Sempre achei finanças chato; em forma de histórias funcionou.
O Homem Mais Rico da Babilônia,George S. Clason,Goodreads,25,4.23,"Óbvio, resumível em duas frases",critica,6,150 páginas que caberiam em duas frases.
O Homem Mais Rico da Babilônia,George S. Clason,Goodreads,25,4.23,Linguagem arcaica / datada,critica,2,Talvez fosse boa leitura em 1927.
O Homem Mais Rico da Babilônia,George S. Clason,Goodreads,25,4.23,Dívida como inimiga,elogio,2,"Dívida é inimiga a vencer, não um mal necessário."
O Homem Mais Rico da Babilônia,George S. Clason,Goodreads,25,4.23,"Conselhos de época: ouro, comprar casa em vez de alugar",duvida,3,Não alugue: tenha sua propriedade e faça o dinheiro crescer.
A Psicologia Financeira,Morgan Housel,Goodreads,27,4.27,Comportamento vale mais que inteligência; sorte e risco,elogio,8,"Gente comum fica rica com poucos hábitos de comportamento, sem gênio financeiro."
A Psicologia Financeira,Morgan Housel,Goodreads,27,4.27,Juros compostos e tempo (Buffett e a idade),elogio,4,Buffett seria investidor comum se não fosse a longevidade.
A Psicologia Financeira,Morgan Housel,Goodreads,27,4.27,Nada de novo / hype,critica,6,Não entendo o hype: ideias nem originais nem profundas.
A Psicologia Financeira,Morgan Housel,Goodreads,27,4.27,"Muita anedota, pouca psicologia de fato",critica,5,Esperava psicologia; recebi uma antologia de histórias de gente rica.
A Psicologia Financeira,Morgan Housel,Goodreads,27,4.27,Exemplos centrados nos EUA,critica,2,Exemplos muito centrados nos Estados Unidos.
A Psicologia Financeira,Morgan Housel,Goodreads,27,4.27,Não traz dica prática de investimento,pergunta,2,"Se você procura dicas de investimento ou trading, não pegue este."
A Psicologia Financeira,Morgan Housel,Goodreads,27,4.27,Não tente acertar o momento do mercado,elogio,2,Não tente cronometrar o mercado; aporte regularmente.
O Rei dos Dividendos,Luiz Barsi Filho,Goodreads,30,4.39,História inspiradora de consistência e paciência,elogio,11,Investir para gerar renda não precisa ser complicado. Precisa ser consistente.
O Rei dos Dividendos,Luiz Barsi Filho,Goodreads,30,4.39,Leitura fácil e bem escrita,elogio,7,Bem escrito e sem pregação cheia de clichês.
O Rei dos Dividendos,Luiz Barsi Filho,Goodreads,30,4.39,"É biografia, pouco método",critica,4,Mais biografia do que um framework de como investir.
O Rei dos Dividendos,Luiz Barsi Filho,Goodreads,30,4.39,"Quero o método detalhado (BESST, AGF)",pergunta,3,"Nem aborda o método BESST, tão citado em entrevistas."
O Rei dos Dividendos,Luiz Barsi Filho,Goodreads,30,4.39,Aula de história da bolsa brasileira,elogio,3,A vida de Barsi se confunde com a história da bolsa no Brasil.
O Rei dos Dividendos,Luiz Barsi Filho,Goodreads,30,4.39,Dá para replicar? Sorte conta?,duvida,3,Não dá para alimentar a ilusão de alcançar os mesmos resultados.
O Rei dos Dividendos,Luiz Barsi Filho,Goodreads,30,4.39,Faltou falar das perdas e do lado emocional,critica,1,"Senti falta do contexto emocional, principalmente quando perdeu dinheiro."
Eu Quero Ser Rico,Bastter (Maurício Hissa),Goodreads,11,3.81,"Mentalidade de poupador, não de jogador",elogio,6,Ensina a sair da mentalidade de jogador e virar poupador e investidor.
Eu Quero Ser Rico,Bastter (Maurício Hissa),Goodreads,11,3.81,Repetitivo / poderia ser um artigo,critica,4,"Extremamente repetitivo, poderia facilmente ser um artigo."
Eu Quero Ser Rico,Bastter (Maurício Hissa),Goodreads,11,3.81,Erros de diagramação no e-book,critica,1,Os erros de diagramação do e-book incomodaram.
Filosofia Bastter.com,Bastter (Maurício Hissa),Goodreads,7,4.28,"Tempo, aporte e valor; buy and hold; anti-trade",elogio,4,"Sem atalhos nem fórmulas: os pilares são tempo, aporte e valor."
Filosofia Bastter.com,Bastter (Maurício Hissa),Goodreads,7,4.28,Imagens fora de ordem no e-book,critica,2,Os textos muitas vezes ficam longe das figuras a que se referem.
Filosofia Bastter.com,Bastter (Maurício Hissa),Goodreads,7,4.28,Rejeição total,critica,1,"Sinceramente, o pior do gênero."
Guia Suno Dividendos,Tiago Reis,Goodreads,30,4.02,Boa introdução a ações pagadoras de dividendos,elogio,13,Um ótimo guia básico para investir em ações que pagam dividendos.
Guia Suno Dividendos,Tiago Reis,Goodreads,30,4.02,Básico / não aprofunda,critica,8,Em alguns conceitos não aprofunda e deixa o leitor boiando.
Guia Suno Dividendos,Tiago Reis,Goodreads,30,4.02,Ferramentas e lista de leituras,elogio,5,Traz lista generosa de leituras e ferramentas para análise independente.
Guia Suno Dividendos,Tiago Reis,Goodreads,30,4.02,Cabe num vídeo de 15 minutos,critica,2,Todo o conteúdo poderia ser um vídeo curto no YouTube.
Guia Suno Dividendos,Tiago Reis,Goodreads,30,4.02,Tem cara de material de marketing,critica,2,Conteúdo de marketing da empresa para atrair clientes.
Guia Suno Dividendos,Tiago Reis,Goodreads,30,4.02,Explica armadilha do dividend yield (olhar DRE e caixa),elogio,2,Interpretar o DY junto com DRE e fluxo de caixa evita equívocos.
Guia Suno Dividendos,Tiago Reis,Goodreads,30,4.02,Renda passiva existe? Dividendo sai do preço,duvida,1,Há quem diga que dividendo cobra seu preço no valor do ativo.
Guia Suno Dividendos,Tiago Reis,Goodreads,30,4.02,Exemplos de sucesso envelheceram mal,critica,1,Alguns exemplos de sucesso estão datados e podem ter deixado gente na mão.
Guia Suno Dividendos,Tiago Reis,Goodreads,30,4.02,Queria mais estratégias,pergunta,1,Esperava um número maior de estratégias.
Guia Suno Fundos Imobiliários,Marcos Baroni (Suno),Goodreads,18,4,Introdução clara a FIIs,elogio,12,Essencial para quem quer iniciar nos FIIs.
Guia Suno Fundos Imobiliários,Marcos Baroni (Suno),Goodreads,18,4,Não ensina análise de preço nem estratégia,critica,4,Faltou um capítulo sobre como analisar o preço de um FII.
Guia Suno Fundos Imobiliários,Marcos Baroni (Suno),Goodreads,18,4,Fundos de papel (CRI/LCI) e IR são as partes difíceis,duvida,2,"Fora fundos de papel e Imposto de Renda, o resto é fácil."
Guia Suno Fundos Imobiliários,Marcos Baroni (Suno),Goodreads,18,4,"Vacância, taxa de administração e comparação com Tesouro",elogio,2,Cuidado com vacância alta e taxa de administração alta.
Um Passeio Aleatório por Wall Street,Burton Malkiel,Goodreads,30,4.14,Fundos de índice e taxas baixas,elogio,8,"Fundos de índice reduzem risco e, com o tempo, rendem bem."
Um Passeio Aleatório por Wall Street,Burton Malkiel,Goodreads,30,4.14,Escrita clara e com humor,elogio,6,"Milagrosamente divertido de ler, graças ao senso de humor."
Um Passeio Aleatório por Wall Street,Burton Malkiel,Goodreads,30,4.14,Arrogância / mercado eficiente é questionável,critica,3,Me fez acreditar em mercados eficientes; o autor é arrogante.
Um Passeio Aleatório por Wall Street,Burton Malkiel,Goodreads,30,4.14,Longo e cheio de história,critica,3,"Quando começa a engrenar, volta para outra história."
Um Passeio Aleatório por Wall Street,Burton Malkiel,Goodreads,30,4.14,"Centrado nos EUA (401k, IRA)",critica,2,Ótimo para americanos; para outros países falta adaptação.
Um Passeio Aleatório por Wall Street,Burton Malkiel,Goodreads,30,4.14,Análise fundamentalista x castelos no ar,elogio,3,Teoria do alicerce firme versus teoria dos castelos no ar.
O Jeito Peter Lynch de Investir,Peter Lynch,Goodreads,27,4.29,Invista no que você conhece; amador tem vantagem,elogio,5,A pessoa comum vê empresas interessantes anos antes dos profissionais.
O Jeito Peter Lynch de Investir,Peter Lynch,Goodreads,27,4.29,Didático: categorias de ações e balanço,elogio,9,Primeiro livro que me explicou por que cada número do balanço importa.
O Jeito Peter Lynch de Investir,Peter Lynch,Goodreads,27,4.29,Datado,critica,5,Não é ruim; só está desatualizado.
O Jeito Peter Lynch de Investir,Peter Lynch,Goodreads,27,4.29,Perigoso nas mãos erradas,critica,3,"Conselho quase perigoso se cair na mão errada, como a minha."
O Jeito Peter Lynch de Investir,Peter Lynch,Goodreads,27,4.29,Humor e leveza,elogio,3,Informativo e hilário.
O Pequeno Livro do Investidor de Bom Senso,John Bogle,Goodreads,28,4.15,Fundo de índice barato como base,elogio,9,Quase todo mundo deveria ter índice amplo como base do plano.
O Pequeno Livro do Investidor de Bom Senso,John Bogle,Goodreads,28,4.15,Repetitivo: cabe em uma frase,critica,8,Resumo em uma frase: compre e segure um fundo de índice barato.
O Pequeno Livro do Investidor de Bom Senso,John Bogle,Goodreads,28,4.15,Raciocínio inconsistente em alguns pontos (EUA x global),critica,1,Às vezes usa dados; às vezes só diz 'duvido que funcione'.
O Pequeno Livro do Investidor de Bom Senso,John Bogle,Goodreads,28,4.15,Só saberei daqui a 30 anos,duvida,2,O que achei? Te conto daqui a uns 30 anos.
O Pequeno Livro do Investidor de Bom Senso,John Bogle,Goodreads,28,4.15,Baseado em dados,elogio,3,"Analítico, baseado em números, considera impostos e custos."
"Ações Comuns, Lucros Extraordinários",Philip Fisher,Goodreads,26,4.14,Os 15 pontos e a análise qualitativa,elogio,8,"Se Graham é o rei do quantitativo, Fisher é o rei do qualitativo."
"Ações Comuns, Lucros Extraordinários",Philip Fisher,Goodreads,26,4.14,Datado,critica,5,"Desatualizado, não vale a leitura hoje."
"Ações Comuns, Lucros Extraordinários",Philip Fisher,Goodreads,26,4.14,"Escrita difícil, prefácio longo",critica,3,Prefácio longo demais e partes difíceis de atravessar.
"Ações Comuns, Lucros Extraordinários",Philip Fisher,Goodreads,26,4.14,Método depende de contatos (scuttlebutt),critica,2,Ele tira informação de amigos corretores: má notícia para novatos.
"Ações Comuns, Lucros Extraordinários",Philip Fisher,Goodreads,26,4.14,Como confiar numa empresa de crescimento?,duvida,2,Me deixou sem entender como ganhar confiança numa empresa de crescimento.
"Ações Comuns, Lucros Extraordinários",Philip Fisher,Goodreads,26,4.14,Atemporal,elogio,5,"Antigo, mas atemporal."
O Mais Importante para o Investidor,Howard Marks,Goodreads,30,4.32,"Risco, ciclos, pensamento de segundo nível, preço x valor",elogio,10,Não é o que você compra; é quanto você paga.
O Mais Importante para o Investidor,Howard Marks,Goodreads,30,4.32,Decepciona perto dos memorandos do autor,critica,4,"Recorte e colagem das cartas da Oaktree, que são gratuitas."
O Mais Importante para o Investidor,Howard Marks,Goodreads,30,4.32,"Filosófico, pouco prático",critica,2,Muito teórico; ficamos sem saber como aplicar.
O Mais Importante para o Investidor,Howard Marks,Goodreads,30,4.32,Repetitivo / técnico,critica,2,Mais técnico do que eu esperava e repetitivo.
O Mais Importante para o Investidor,Howard Marks,Goodreads,30,4.32,Bom para quem está começando,elogio,4,Leitura obrigatória para investidores iniciantes.
Os Axiomas de Zurique,Max Gunther,Goodreads,28,3.97,"Bons princípios sobre risco, lucro e disciplina emocional",elogio,11,Aceite pequenas perdas com bom humor; saiba quando sair.
Os Axiomas de Zurique,Max Gunther,Goodreads,28,3.97,Vai contra diversificar e o longo prazo: arriscado,critica,8,"Livro incrível, mas só para quem gosta de risco e especular."
Os Axiomas de Zurique,Max Gunther,Goodreads,28,3.97,Investimento e especulação são a mesma coisa?,duvida,3,Discordo: investimento é gerir risco; aposta é contar com sorte.
Os Axiomas de Zurique,Max Gunther,Goodreads,28,3.97,Nada novo / muita anedota,critica,3,"Se já leu alguns livros de finanças, não há nada novo."
Os Axiomas de Zurique,Max Gunther,Goodreads,28,3.97,Exemplos datados,critica,2,"Didática boa e exemplos claros, apesar de datados."
A Bola de Neve,Alice Schroeder,Goodreads,27,4.16,"Longo demais, fofoca e trivialidade",critica,6,"Mais de 800 páginas, boa parte fofoca."
A Bola de Neve,Alice Schroeder,Goodreads,27,4.16,Pouco sobre filosofia de investimento,critica,3,Poderia explicar melhor a filosofia de investimento.
A Bola de Neve,Alice Schroeder,Goodreads,27,4.16,"Lições de vida, caráter e frugalidade",elogio,6,Sucesso de qualidade raramente é chamativo.
A Bola de Neve,Alice Schroeder,Goodreads,27,4.16,Pesquisa exaustiva,elogio,4,Exaustivamente pesquisado.
A Bola de Neve,Alice Schroeder,Goodreads,27,4.16,Começar cedo faz a bola de neve,elogio,2,Fiz minha bolinha de neve muito cedo; dez anos depois seria outra.
A Bola de Neve,Alice Schroeder,Goodreads,27,4.16,Erros e edição fraca,critica,2,Mal editado e cansativo; precisava de um editor mais duro.
Fora da Curva,"Florian Bartunek, Giuliana Napolitano, Pierre Moreau",Goodreads,22,3.93,Trajetórias de gestores brasileiros inspiram,elogio,12,Temos pouca bibliografia sobre nossos grandes investidores.
Fora da Curva,"Florian Bartunek, Giuliana Napolitano, Pierre Moreau",Goodreads,22,3.93,Perfis superficiais; não ensina a investir,critica,5,Perfil muito superficial de cada entrevistado.
Fora da Curva,"Florian Bartunek, Giuliana Napolitano, Pierre Moreau",Goodreads,22,3.93,Indicações de leitura de cada gestor,elogio,3,Gostei principalmente das leituras sugeridas por cada entrevistado.
Fora da Curva,"Florian Bartunek, Giuliana Napolitano, Pierre Moreau",Goodreads,22,3.93,Retrato de ricos de berço,critica,1,Padrão de pessoas ricas de berço; pouco para quem aporta pouco.
Fora da Curva,"Florian Bartunek, Giuliana Napolitano, Pierre Moreau",Goodreads,22,3.93,Case que envelheceu mal mostra que o mercado muda,elogio,1,O case da Cielo mostra como o mercado muda rápido.
Investimentos: Como Administrar Melhor Seu Dinheiro,Mauro Halfeld,Goodreads,14,3.83,Introdução didática,elogio,11,Provavelmente a melhor introdução a investimentos e finanças pessoais.
Investimentos: Como Administrar Melhor Seu Dinheiro,Mauro Halfeld,Goodreads,14,3.83,"Desatualizado (poupança, taxas)",critica,2,"Publicado em 2001, com desatualizações sobre poupança e taxas."
Investimentos: Como Administrar Melhor Seu Dinheiro,Mauro Halfeld,Goodreads,14,3.83,"Alugar x comprar imóvel, carro, previdência",elogio,2,"Aborda alugar ou comprar imóvel, carro, previdência privada."
Faça Fortuna com Ações,Décio Bazin,Goodreads,30,4.01,Histórias da bolsa de antigamente,elogio,10,"Ótimas histórias do mercado brasileiro nas décadas de 60, 70 e 80."
Faça Fortuna com Ações,Décio Bazin,Goodreads,30,4.01,"Datado (pregão viva-voz, empresas que sumiram)",critica,8,Fala do 'aquário' da bolsa; hoje temos pregão eletrônico.
Faça Fortuna com Ações,Décio Bazin,Goodreads,30,4.01,Método cabe em poucas páginas; resto é anedota,critica,7,Há cerca de 30 páginas úteis; o resto é quase um romance.
Faça Fortuna com Ações,Décio Bazin,Goodreads,30,4.01,Regra do dividend yield de 6%,elogio,7,Ação boa só entra na carteira se o DY for maior que 6%.
Faça Fortuna com Ações,Décio Bazin,Goodreads,30,4.01,Título sensacionalista engana,critica,6,O título é péssimo e não reflete o conteúdo.
Faça Fortuna com Ações,Décio Bazin,Goodreads,30,4.01,Contra a especulação,elogio,4,Gosto da postura do autor: não incentiva a especular.
Faça Fortuna com Ações,Décio Bazin,Goodreads,30,4.01,Os 6% ainda fazem sentido hoje?,duvida,2,Hoje empresas de crescimento não dão 6% de yield e são boas.
Faça Fortuna com Ações,Décio Bazin,Goodreads,30,4.01,Cash yield x dividend yield: qual a diferença?,duvida,1,Cash yield usa o preço pago; DY usa o preço atual.
Faça Fortuna com Ações,Décio Bazin,Goodreads,30,4.01,Capítulo de opções pouco didático,critica,2,O capítulo final sobre opções é pouco didático.
