mes,views,minutos,inscritos_ganhos,inscritos_perdidos,engagedViews,views_shorts,views_longos,views_lives,minutos_shorts,minutos_longos,minutos_lives,inscritos_ganhos_shorts,inscritos_ganhos_longos,inscritos_ganhos_lives,inscritos_perdidos_shorts,inscritos_perdidos_longos,inscritos_perdidos_lives
2025-04,1438990,669876,1907,473,637574,,,,,,,,,,,,
2025-05,1715968,596405,2630,533,748461,,,,,,,,,,,,
2025-06,831061,490238,1914,460,394703,,,,,,,,,,,,
2025-07,814856,408307,1528,473,369207,,,,,,,,,,,,
2025-08,1259005,471710,1779,483,560576,,,,,,,,,,,,
2025-09,579453,514073,1598,423,292096,,,,,,,,,,,,
2025-10,461031,378574,1150,440,237265,,,,,,,,,,,,
2025-11,338452,477988,1409,399,204239,,,,,,,,,,,,
2025-12,316204,345042,994,396,173634,,,,,,,,,,,,
2026-01,423778,650676,1906,463,253759,,,,,,,,,,,,
2026-02,536962,653257,2323,499,318642,,,,,,,,,,,,
2026-03,350248,426697,1133,377,199361,,,,,,,,,,,,
2026-04,326526,235316,795,370,173769,,,,,,,,,,,,
2026-05,307657,264958,770,358,162625,,,,,,,,,,,,
2026-06,437391,378111,1026,374,219079,,,,,,,,,,,,
2026-07,350911,425021,971,385,194841,,,,,,,,,,,,
2026-08,191130,224313,576,328,100590,,,,,,,,,,,,
2026-09,278349,288244,503,282,95645,,,,,,,,,,,,
