dia,views,minutos,inscritos_ganhos,inscritos_perdidos,engagedViews
2026-04-05,9977,4222,27,12,4956
2026-04-06,10453,4307,29,7,5188
2026-04-07,10062,4240,20,12,5030
2026-04-08,10710,10440,20,14,5931
2026-04-09,11086,14074,35,15,6444
2026-04-10,10046,13698,41,15,6031
2026-04-11,9161,7308,25,9,4905
2026-04-12,9937,6108,15,14,5274
2026-04-13,10073,4919,19,9,5123
2026-04-14,9404,4247,28,15,4677
2026-04-15,9027,4294,27,6,4571
2026-04-16,9254,7220,15,10,5079
2026-04-17,8750,6293,35,15,4662
2026-04-18,8540,4286,25,9,4289
2026-04-19,9405,4491,15,10,4731
2026-04-20,11162,14107,25,10,6396
2026-04-21,13587,23269,50,14,8262
2026-04-22,12569,7110,31,14,6597
2026-04-23,12801,8133,29,12,6795
2026-04-24,16312,9967,32,15,8706
2026-04-25,11862,6819,22,13,6288
2026-04-26,11979,5358,23,17,6145
2026-04-27,12244,5137,26,16,6265
2026-04-28,17231,10528,31,15,9243
2026-04-29,13635,8527,27,6,7148
2026-04-30,8472,8437,25,13,4560
2026-05-01,10072,13876,37,7,5782
2026-05-02,7916,5099,25,8,4097
2026-05-03,8550,4624,18,13,4423
2026-05-04,8239,4540,21,10,4160
2026-05-05,8449,7789,29,14,4714
2026-05-06,10169,7628,21,9,5351
2026-05-07,8399,4025,21,7,4236
2026-05-08,7898,3886,19,13,3896
2026-05-09,7651,3792,25,5,3879
2026-05-10,7040,3642,21,3,3530
2026-05-11,12058,4721,28,5,5857
2026-05-12,19341,4877,22,6,9052
2026-05-13,17215,4779,23,15,7896
2026-05-14,11751,21028,25,16,6820
2026-05-15,29392,30841,46,21,15929
2026-05-16,10755,10349,37,13,5792
2026-05-17,9465,5477,27,15,4781
2026-05-18,8256,4280,17,12,4120
2026-05-19,8133,4351,16,12,3939
2026-05-20,9010,13835,25,14,5006
2026-05-21,8502,12949,23,22,4830
2026-05-22,7091,7632,19,8,3886
2026-05-23,7061,6531,19,12,3775
2026-05-24,8005,6853,27,13,4343
2026-05-25,7324,4909,23,11,3860
2026-05-26,7613,6601,25,17,4091
2026-05-27,8565,10416,22,13,4849
2026-05-28,9623,15707,26,6,5792
2026-05-29,8985,15585,33,12,5619
2026-05-30,7420,8012,24,15,4156
2026-05-31,7709,6310,26,11,4164
2026-06-01,9466,5482,13,15,4733
2026-06-02,10677,12861,23,10,5602
2026-06-03,18563,12683,28,12,9217
2026-06-04,23433,18082,49,20,12292
2026-06-05,22270,22969,38,11,12950
2026-06-06,13373,13960,36,11,7855
2026-06-07,9255,6266,21,10,4971
2026-06-08,8072,4864,20,9,4174
2026-06-09,8460,10011,34,15,4768
2026-06-10,8509,12016,34,18,4889
2026-06-11,11664,13251,54,12,6170
2026-06-12,12849,15365,27,11,7283
2026-06-13,8761,8972,27,17,4726
2026-06-14,11668,6259,28,10,5796
2026-06-15,12766,5238,23,8,6314
2026-06-16,11911,24903,49,11,7680
2026-06-17,13717,31661,77,11,9194
2026-06-18,17793,21859,61,7,9779
2026-06-19,11370,13222,24,12,6151
2026-06-20,26425,13508,33,11,12497
2026-06-21,14101,8917,24,11,7080
2026-06-22,14903,8019,38,12,7426
2026-06-23,16351,12727,31,13,7007
2026-06-24,47236,15142,36,19,14870
2026-06-25,22628,13007,43,10,9456
2026-06-26,15457,12309,33,14,7101
2026-06-27,11160,11960,35,17,5831
2026-06-28,9796,10202,43,12,5303
2026-06-29,6929,4848,23,11,3645
2026-06-30,7828,7531,21,14,4319
2026-07-01,9518,10860,31,7,5555
2026-07-02,7547,6756,20,13,4247
2026-07-03,8075,9088,30,13,4714
2026-07-04,7226,8779,12,10,4246
2026-07-05,6651,8316,28,7,3915
2026-07-06,9237,7040,23,7,4829
2026-07-07,9495,9281,23,15,5083
2026-07-08,12349,9711,24,10,6156
2026-07-09,12990,6584,18,9,6122
2026-07-10,12987,24215,47,14,8408
2026-07-11,14309,33701,59,19,10393
2026-07-12,14190,34851,78,16,10159
2026-07-13,10497,17327,50,13,6585
2026-07-14,9829,15354,19,11,6295
2026-07-15,13269,14161,43,11,7096
2026-07-16,10108,5334,28,8,4977
2026-07-17,15204,4233,24,14,5579
2026-07-18,13432,4153,24,15,5657
2026-07-19,32018,9147,22,19,15581
2026-07-20,14880,24936,30,17,8670
2026-07-21,14717,27293,37,9,9092
2026-07-22,10676,26850,41,13,7270
2026-07-23,11888,22327,58,12,7353
2026-07-24,12551,8844,22,12,5416
2026-07-25,9934,6419,18,18,4370
2026-07-26,9266,5063,21,11,4153
2026-07-27,9084,10875,31,10,4773
2026-07-28,9674,25129,48,18,6489
2026-07-29,8085,17026,28,14,5308
2026-07-30,5765,5468,21,12,3196
2026-07-31,5460,5889,13,8,3154
2026-08-01,5433,6181,26,11,3124
2026-08-02,8694,19745,54,20,6214
2026-08-03,5420,7422,26,17,3275
2026-08-04,6793,6192,15,17,3840
2026-08-05,8133,4982,11,7,4236
2026-08-06,6437,3619,18,9,3475
2026-08-07,5549,7217,16,12,3401
2026-08-08,4843,5396,14,6,2848
2026-08-09,4373,3250,11,5,2384
2026-08-10,4748,2932,13,7,2581
2026-08-11,4445,3010,11,11,2437
2026-08-12,4598,4658,17,9,2652
2026-08-13,4201,3861,10,16,2361
2026-08-14,5470,17360,24,10,3820
2026-08-15,9126,30672,44,12,6171
2026-08-16,7079,11200,26,16,3878
2026-08-17,7660,7158,22,7,3583
2026-08-18,7334,5786,18,10,3446
2026-08-19,7271,4460,18,3,3470
2026-08-20,7516,4252,15,14,3610
2026-08-21,5111,3530,17,5,2745
2026-08-22,4229,2918,17,6,2297
2026-08-23,4481,2370,6,24,2330
2026-08-24,4489,2786,10,4,2409
2026-08-25,4075,2927,11,6,2176
2026-08-26,6478,22691,24,9,4649
2026-08-27,14522,16582,35,15,3873
2026-08-28,4955,3215,8,4,1942
2026-08-29,4891,2310,12,8,1980
2026-08-30,5464,2456,11,10,2197
2026-08-31,7312,3161,16,18,3186
2026-09-01,8316,11565,21,8,3499
2026-09-02,10870,9654,17,6,3452
2026-09-03,6771,6966,17,9,2523
2026-09-04,6266,6949,12,7,2460
2026-09-05,7674,7202,17,12,2840
2026-09-06,9320,8021,15,13,3330
2026-09-07,8066,8931,27,13,3387
2026-09-08,8254,7994,20,12,3131
2026-09-09,8892,7141,16,8,2962
2026-09-10,6681,4689,12,7,2440
2026-09-11,8358,8276,11,1,2967
2026-09-12,9774,9044,14,8,3094
2026-09-13,7059,4550,20,10,2535
2026-09-14,5735,3258,8,17,2075
2026-09-15,17819,22031,24,10,6041
2026-09-16,23009,25106,44,9,6323
2026-09-17,12595,9899,24,7,3710
2026-09-18,6932,4383,11,18,2241
2026-09-19,5934,2832,8,3,2001
2026-09-20,4996,2289,8,9,1913
2026-09-21,7853,10540,16,16,3146
2026-09-22,13084,15314,25,13,4180
2026-09-23,6020,4176,8,10,2218
2026-09-24,5629,4211,9,3,1966
2026-09-25,4040,2767,8,10,1464
2026-09-26,3908,2790,4,9,1503
2026-09-27,10291,14621,13,12,3753
2026-09-28,22904,30002,32,8,7084
2026-09-29,21299,33029,42,14,7407
