video_id,views_inscritos,views_nao_inscritos,minutos_inscritos,minutos_nao_inscritos
aDL4MMF6AnE,59854,7953030,14415,1683954
T956DmDdPDU,9849,482440,20322,1552967
PoY4WqA1k5Q,16227,207982,92506,695370
_WHHib_xvJ4,4769,190448,1582,63106
_I5dFQ6mvK0,9446,137146,45343,433514
vZ_8A1FYxgo,7658,135975,726,11588
1EGx_IxWSbo,3050,137126,10592,386550
-b6Jdl4zFKg,12749,108333,1707,12340
_TLq_UyTZTI,5781,113743,1759,32100
ADn4VZs6M1k,6079,99329,25198,508429
9tn6b8FaE24,2746,80996,1791,60384
Dx48rShFJr8,8845,74564,63213,434277
QjiF99_cINk,11386,70874,88514,468203
SsZAITSAR6s,1867,79032,5890,186497
Q1WMbZZn2Ik,2717,71836,641,21535
flmY3ta0ClE,3518,70934,2956,50360
bStv54OaC_8,1795,71808,5275,165051
XBJqP2JTkkQ,6041,60730,2869,22139
V68Hd157uac,1581,64816,5296,141494
sZTGSV55keU,1696,64341,4811,117220
tbKsF2qyakU,3627,62081,1484,24126
Y4WHQiKcv1g,8934,52636,53616,279280
HJRqnCA4ra0,2741,56890,10121,205824
0kD4_42HV24,13889,42090,88157,244671
AGg907HZ8bs,3841,50310,315,3526
uUY9Jh_qnII,2743,51295,12228,258882
CaOGCAsOLvE,2004,51536,8752,203762
4zHZprjxLu4,1993,51181,6826,169323
fDUsjBJQmC4,10641,42287,77219,248561
VWXBzC6-_L0,7934,43381,31795,136831
vpvA5jH766g,11089,38531,82812,200838
6pnS6s-nEck,4701,44407,772,7672
p9wkMT4RV40,11247,37218,21864,35045
OSNXkhCSDb0,9088,33743,79728,232407
wYb9_xSNFV8,1664,40823,550,11550
6O3WAZjKAKY,10517,31189,63794,101015
uT2tgrjUvOA,4424,36819,13913,93796
aYQbBXHy0Y0,5285,35458,34197,211371
xkpdVMxhp3M,2007,36984,8580,121869
F2Lq95npHew,2165,35120,196,3283
ViYvYbRE45c,10069,26498,24309,32363
Sxrkd7jG2gk,1864,34717,9813,153463
ce854DDtEaw,3433,32667,16049,148372
Aop8Cfw7W7k,3018,32190,19261,197666
imv9myxsReU,4253,29163,1165,7533
tpobf1e1OtM,9815,23332,50890,91397
Yh69A0lg0Y4,5515,27545,905,4520
GxfFM28dK3Q,3136,29667,269,2548
4iU_GVA9skk,7357,25305,39078,114145
Fb0l4KEq27o,8282,24252,56604,129363
hvVbyLEA_Uk,1757,30673,8647,160123
JDtxzQthFlk,7753,24587,49871,126065
UBRkjhD3KsY,8127,23865,58593,138448
jdnxy6RUkqM,6171,25741,682,2717
dHYQtxnMSrw,7057,24442,44512,130218
VkssK47yteE,4830,26454,28602,110001
qCl00c8pw-c,4789,25861,1356,7458
tvC9uoxYP9k,2898,26375,12582,103728
6Oq3Mxz4_CY,924,28272,3853,110503
IcN3m7whpl8,10552,18324,62328,92091
9Jt4U0uhd_U,1324,27328,4247,87060
kmfL2dX_paU,3692,24907,22241,147540
fJLCvMcWpS4,2150,26396,12403,135853
G0-vTHNtGwE,4188,23929,495,2463
yN0kKJf2D1c,1551,26147,7494,93401
QU0j2KCQWlk,687,26942,431,11313
INWFUW9J-nI,11513,15920,62584,73283
TlV__t9YncA,3178,24229,295,2304
tU5hfeII8Gk,6088,21317,34488,96009
9oZ3lait4tw,10462,16857,29305,39101
FMkraPWpexQ,5631,21670,2005,7792
Q_jaMdPDVmw,2520,24701,270,2746
OtDiCVzyRVs,8179,18607,59494,106163
7ROq8DvhJOE,2694,23978,1107,8513
xzS0TQlEu2E,2801,23742,8024,85033
1VKgdEqrZnY,1597,24697,181,2821
OGH0zXwBhdc,10145,16067,55295,68751
KipoLyz63nQ,5895,20244,40597,92796
PD1RWSRnB2w,6067,20041,34961,89093
oEP2vCtksfw,7115,18931,31620,70813
ZqwCmFXjL8A,3127,22560,15333,39898
Z-5VgjzigKg,8238,17428,60242,103015
SRAL8DZOMbM,1791,22855,1294,13519
OaorU5U0g5I,4608,19853,467,1826
3sfCQWv2kIQ,6095,18001,42546,67756
n9GU8dwzSxI,8615,15395,57295,89284
YbB8QAKvZbo,7595,16257,2346,5098
bX1-CfUnKO0,1471,22227,453,6639
nSQELM25nU8,3675,19970,1030,5133
MQDA3dLjo_U,5884,16928,31137,79106
BkGq1gqMczc,7945,14402,69008,103957
Eo90F10xNJI,5300,16801,1272,3776
PUMWmQq-7rQ,5778,16285,1032,2713
oy4WKglYcjc,3103,18902,4075,24154
Kb1r8mi0kIE,9614,12208,50549,58350
cOOzce6juqc,1914,19797,9872,86248
5tWGjeYE1Ys,1850,19541,7600,63736
LCIoCf7h_oo,6443,14499,5188,10534
mEPaACyjI24,3853,16896,15908,51654
IB1mBcF00jc,6613,13802,38260,52657
KMIsVEOcaLM,4233,16119,29094,86613
9B7jEAm-96g,4253,15899,23653,84321
YxLzaSN2a1M,2619,17377,15226,88660
pYkfwk1c9ms,4520,15336,32231,83069
ALMY397cmkg,5160,14577,35157,84637
_10GFQDTE1o,7973,11755,54662,62336
3UPWzmICZMI,5280,14215,41097,79510
Nhei5jXY_PE,4564,14431,21479,63723
YY9oIHk-atw,6681,12307,3466,5613
KqN4gy-yYiU,8097,10683,43139,50545
QKOeeYXAHWo,2140,16612,910,4127
Bw__caNTvCo,1906,16846,7635,60602
TY8oLvUt2Qg,3255,15311,18689,73906
bgkCS6-fHSg,2691,15702,602,3666
mp321wOrmi0,1670,16698,8938,87438
Zb1EZCtsuQw,1932,16347,9011,73523
A5M-b88lkiw,1434,16753,6648,66071
1W3p811sGoA,3523,14641,17130,55690
tb0nwpl9mFw,6490,11361,49710,73030
-i92WlceaNU,1129,16685,239,4128
M0sYiLwvUNk,2917,14798,1622,6492
0IPodyMj0q8,4495,13104,19722,51320
H6uTn-HXTTQ,631,16929,4048,91444
Kwf4IvhOb9s,3672,13837,21658,41622
kipRQb0ksus,1252,16160,1243,13436
wEZS_2h3Uec,3326,14030,1292,5283
HpAzu1tUBqI,4701,12423,25431,55396
q1wmui1gyhc,7152,9942,22040,28006
tRzZue7R400,5154,11868,37865,68093
tQVr54vTGSg,3433,13485,6873,27284
-UOFWJPilQ4,4907,11925,41686,76932
RIUR0DVndeo,3522,13217,19701,61968
7CdwOTT7U3o,404,16191,1316,51973
wML4L-y-4bI,7516,8871,44919,49275
GXRoC612i9Y,4140,12187,2916,7145
8wQSB5fNGd0,3155,13129,368,1591
I0yUB-N6YUY,1844,14329,7301,29795
GpdXuQipVaQ,4676,11420,29660,54412
gA-R4Iu3_I4,4738,11258,28839,55779
mKRWNOPGjr8,4473,11426,37346,77571
KJJc8S3ibpk,3832,12064,2353,6808
QAsqgHgxGzc,3718,12094,2354,5706
kmLvxBoALa0,4380,11315,28004,63143
Mmo9K5oCJdk,2345,13290,5386,28081
0KQmeehso4Y,6267,9359,35642,46050
baVSgDPw2Iw,3295,12294,371,1495
d8ii2Y4DRxo,863,14684,3816,84151
lt2LWbwu3mc,4481,11062,31438,61156
2YO2sa_Hheg,4357,11045,24796,57751
KTdqPfN3kl4,6400,8993,32528,34450
sgIBA6cTAKE,7148,8224,28697,29094
nnZXXW86o2M,7648,7718,26688,24655
kkcvwc-Pb3s,2411,12524,5742,29025
P_RT6E8QUJg,1177,13477,3785,37900
mE2A50FTBg4,5451,9189,51832,68753
uOK-nw2g0hc,4322,10176,23340,39639
lsxHdQiPhLw,1481,12942,6587,53870
kKtZkRX7q7s,5501,8912,28445,42903
LI023P6jVMo,7709,6481,64746,47051
MYBOjH3oHmo,4701,9454,25319,47877
8W2RRyomFeM,7367,6680,102789,87372
r5RKuxQyQ7o,4401,9526,27834,46726
5Nqd3fbrqfA,3498,10387,27452,61032
2EpDcEwW1rU,5407,8329,49094,55976
rbgGC6nE4yc,5536,8160,15209,13145
sfnHwquGusQ,333,13315,1124,29202
qs-yW0Wd4B8,2976,10661,26870,34361
1ruMsoLb-Bw,416,13168,991,29506
XL8OKui3njE,1228,12336,423,4514
xE6Adgy9sTY,744,12694,366,6223
EbyQWs4bnwg,3956,9394,29733,41504
djSdW-BmI9c,4437,8875,231,438
na0p9c2TS6o,725,12579,3135,50754
XOqLAz3dkV4,3892,9395,18483,19110
fJj367I1MnQ,6395,6809,16933,8876
8oRyNptbnfI,3515,9612,19139,52934
kqb-qa8Mp94,4500,8486,32181,52325
hFs_ahnNlkY,1684,11251,7776,48690
wKzYLeTYUrs,6076,6849,27790,28717
ZWXqZO_-KB4,1806,11071,1042,5044
wsM1HW-fRaM,3092,9756,7885,15697
UjsP_6An9TE,2863,9818,23015,75266
VB3xlZ1JDZA,1463,11218,1105,8140
mPoZ4vYr7lg,6146,6365,58617,51834
6Lszsp7ha7s,5460,7020,29883,33966
nhNUgNW0l0o,4151,8312,730,1492
9nY3sxUOxjQ,2679,9730,9182,30956
C_Q-arzcYJc,4411,7925,607,872
Gjw4crGh6Xg,4595,7672,30153,40779
h79ndWtYKro,4538,7619,39576,50824
Rg0nzvJU_sQ,5201,6844,22278,27776
GZqyp3YflhQ,3051,8978,16293,42467
UwHfK_4REAQ,1763,10228,5348,28634
otJyLJxSm0k,2623,9341,322,1164
OkPxd7LMLNI,3422,8536,583,1071
KHLH9dd6PN4,6492,5401,5282,4115
VRNk0bHD8Rk,1580,10263,3796,25009
eOHjUFjZMmM,2986,8548,24160,43215
rSQKtz8l3jA,3018,8511,173,585
NcpTTfkwITc,4615,6766,27128,32191
-IF34CxvL38,732,10626,2889,45843
A2LToPzQWHs,5041,6279,41229,38186
nfxpTOb5iPA,2293,8898,18258,62933
vh_0UisqoLA,3117,7968,15419,28726
xs8whk_VZ2s,6846,4127,53707,25201
P3ry7_5aqJQ,5234,5739,32555,29684
_jMeRDGONpo,3530,7389,17782,28185
AGTUmr8372A,1529,9357,483,1999
etxk7jxesuw,3903,6980,27397,36562
nzUG17EtEz0,1399,9472,798,4792
JlYnjiG5m2o,1915,8927,8259,29331
PWotyrtMXBs,4333,6459,32036,36646
XhOUKkh9afk,2656,8076,1814,4388
IZKixPqYnxY,2779,7803,246,676
gOph6uGgzCA,4410,6170,2058,3086
qnWje5V23Ps,4387,6191,34581,36142
gPasBF3j7eU,2455,8097,1241,2891
GzycBc4czA0,4926,5579,40913,42653
ia9KjVD3LO4,2836,7667,190,497
Nbw4bBlFyKc,1310,9140,1252,6390
GQbZFJwkIHc,3868,6577,7907,8155
cwiyiDFWUHQ,4999,5437,52697,44935
geVmik82NiY,3714,6719,29861,35390
IK3zhglmbqg,1046,9360,387,3112
AGni7jJZaBU,3230,7140,20097,31818
QbUQvMKx_xU,3551,6798,24486,35756
vRL4COvcnB8,571,9711,2585,32904
Q1U7jZlNccI,4161,6023,27133,30084
V0LCzury2aU,1477,8648,9512,37441
TFhx-qQDxyI,2786,7321,17189,34594
Ap5P6Qz0zj4,6244,3860,37697,20561
7tAEOQw0Jo0,4468,5597,46257,47582
VFGw-NymMxw,3763,6259,11856,9495
cyfMCAIuLcg,843,9171,176,1882
eZE1d_CHlPU,2898,7092,14643,31271
fFKcbidHAsM,6418,3544,1772,935
bXNAvcNtk5c,1915,7847,1337,5305
qPdTPQgl2Zs,2176,7576,934,3036
qtbczPm6RHY,3700,6033,31312,38628
zmnJOgvOe28,2464,7265,9474,22491
KlAtBdJ76Oo,3052,6616,8729,28611
npl55-v1Ps8,4579,4998,47345,37129
kadbN2su14M,3721,5825,33724,34589
qe1vYT6TUZA,4881,4624,25751,21589
QRn0n5OZH-U,4680,4811,24997,22267
yylQwMe5P2M,4117,5339,2568,3028
ijHTK-6jzCA,5183,4173,30935,21755
Rgfh5HuNdJo,4389,4946,9302,4891
rmOIOHZWiIU,4065,5264,24585,28117
SXoBo6v8-9M,5084,4222,32387,24445
0hApEI1gqqU,1878,7378,418,1015
FNNyeOC-j-M,5377,3827,21140,14262
p9vBH22kmSQ,2082,7054,323,847
qNT1lYuIYqU,2915,6217,18660,34707
0N_cOnJ8nXs,5380,3747,28004,16637
8cRRtKDCtDQ,4274,4842,50491,53198
fwWG6AIP52Q,2317,6770,16356,43900
FC-eKTK3ozE,3947,5140,15678,16716
pW5xKI_LUnc,3432,5647,14770,20622
Nm3_Iiko7xQ,5451,3602,39088,20341
CDjYrMqaLCo,1976,7019,9454,21460
N2JmQtGwMlc,5367,3547,39871,22328
5jtf5EbqspM,5245,3664,28331,17555
WtlXXTT1kdI,2974,5809,19595,24252
VsCxPvllxMk,3094,5638,23986,24277
z2ponq_ewNE,874,7763,287,2476
QzBbNYkZ9U4,2384,6251,12824,28216
GlnrZgr2C2M,2304,6321,14351,31242
PTc7hh-TbgY,2476,6117,14105,30333
Pzp6k3goCG0,3251,5318,30024,40187
Je2UTeWuYbQ,3631,4927,29428,31561
JKDNQDhy8WM,1095,7315,5974,42002
YbcJ4nZL9fg,1642,6748,719,2104
y6bde2gKrbY,529,7849,175,2253
yHQvEitHtbE,3214,5139,18540,27384
qnM3lYBgf2Y,3824,4521,440,456
UA3rJPz7IVk,3351,4983,16295,19479
l1fVs1YjglI,2103,6201,14878,41979
8fLXpBjhZhA,4621,3679,39204,24980
LqS7HsLuDLQ,3505,4722,24482,27070
XBzB11otEps,1488,6739,7860,27691
TGcKHyo0nWc,4552,3631,26543,17039
_b2bLe-Z-14,4235,3932,29968,19975
29ZwZnUzmr0,2536,5549,2040,3782
8oyQ5zvp0nk,4235,3831,49688,41859
M_ir1o_g5A8,1117,6877,5834,35954
AS6gmqMQbKA,2484,5449,2196,3551
PvC1ZEQlz3M,2053,5879,889,2273
HpwffFuuGsQ,3875,4054,32102,24838
badz8FBZzVI,1595,6329,6399,26090
4Qo4O7cZ1V8,2733,5140,14596,22834
PLwEniRQB5g,3724,4142,35483,32336
u9ahPmlMFpo,2192,5664,1834,3972
3AolJm9VUlk,1831,6007,1679,5287
UVAn6jV7ncM,3836,3992,28081,20780
spU7CkRVINE,3744,4046,21205,18279
-S7T4IfqMos,2940,4846,311,446
wuYTb5b7vAk,714,7030,448,3072
clGYBPdxIbE,2974,4713,182,228
uJqQirEVPbQ,3036,4642,29423,31169
