periodo,posicao,termo,views,minutos
2025-10,1,como ganhar dinheiro na internet,16127,3227
2025-10,2,como ganhar dinheiro,6262,1250
2025-10,3,como ficar rico,5210,1216
2025-10,4,caixinha turbo nubank,3638,1305
2025-10,5,como fazer dinheiro na internet,2630,515
2025-10,6,como investir dinheiro,2513,530
2025-10,7,renda extra,2278,497
2025-10,8,ganhar dinheiro na internet,2059,425
2025-10,9,como ganhar dinheiro em casa,1745,353
2025-10,10,como fazer dinheiro,1548,339
2025-10,11,investimento,1544,492
2025-10,12,ganhar dinheiro,1079,237
2025-10,13,como juntar dinheiro,892,195
2025-10,14,como fazer dinheiro em casa,749,176
2025-10,15,formas de ganhar dinheiro na internet,708,143
2025-10,16,formas de ganhar dinheiro,703,154
2025-10,17,como investir,686,140
2025-10,18,como ganhar dinheiro com a internet,676,137
2025-10,19,como multiplicar dinheiro,656,160
2025-10,20,como ganhar dinheiro fácil,655,126
2025-10,21,como conseguir dinheiro rapido,628,122
2025-10,22,como ficar milionario,619,136
2025-10,23,caixinha turbo nubank como funciona,609,208
2025-10,24,como ser rico,606,130
2025-10,25,como ganhar dinheiro pela internet,598,109
2025-11,1,como ganhar dinheiro na internet,16452,3319
2025-11,2,como ganhar dinheiro,6745,1585
2025-11,3,como ficar rico,6284,1409
2025-11,4,como investir dinheiro,2819,614
2025-11,5,como fazer dinheiro na internet,2628,517
2025-11,6,como ganhar dinheiro em casa,2102,431
2025-11,7,ganhar dinheiro na internet,2035,498
2025-11,8,caixinha turbo nubank,1994,680
2025-11,9,renda extra,1858,396
2025-11,10,como fazer dinheiro,1447,383
2025-11,11,como juntar dinheiro,1183,243
2025-11,12,investimento,1166,463
2025-11,13,ganhar dinheiro,949,220
2025-11,14,como conseguir dinheiro rapido,861,170
2025-11,15,formas de ganhar dinheiro na internet,839,184
2025-11,16,como funciona a caixinha turbo da nubank,797,262
2025-11,17,caixinha turbo nubank como funciona,711,229
2025-11,18,como fazer dinheiro em casa,709,149
2025-11,19,como investir,689,149
2025-11,20,como ganhar dinheiro fácil,681,155
2025-11,21,como ser rico,642,142
2025-11,22,como ganhar dinheiro com a internet,630,128
2025-11,23,como ganhar dinheiro pela internet,629,112
2025-11,24,coin11,594,3546
2025-11,25,como ficar milionario,577,125
2025-12,1,como ganhar dinheiro na internet,15713,3253
2025-12,2,como ganhar dinheiro,7747,1604
2025-12,3,como ficar rico,5174,1150
2025-12,4,como fazer dinheiro na internet,2919,607
2025-12,5,como investir dinheiro,2517,535
2025-12,6,ganhar dinheiro na internet,2065,448
2025-12,7,renda extra,1751,381
2025-12,8,como ganhar dinheiro em casa,1733,371
2025-12,9,caixinha turbo nubank,1494,533
2025-12,10,como juntar dinheiro,1451,304
2025-12,11,como fazer dinheiro,1344,284
2025-12,12,investimento,1103,262
2025-12,13,ganhar dinheiro,1017,214
2025-12,14,formas de ganhar dinheiro na internet,932,198
2025-12,15,como funciona a caixinha turbo da nubank,818,272
2025-12,16,como ganhar dinheiro fácil,805,154
2025-12,17,como ganhar dinheiro com a internet,785,328
2025-12,18,como ganhar dinheiro sendo de menor,752,131
2025-12,19,como conseguir dinheiro,735,146
2025-12,20,caixinha turbo nubank como funciona,717,228
2025-12,21,como ganhar dinheiro pela internet,706,135
2025-12,22,como guardar dinheiro,664,130
2025-12,23,como conseguir dinheiro rapido,660,129
2025-12,24,como investir,635,130
2025-12,25,como ser rico,635,145
2026-01,1,como ganhar dinheiro na internet,23451,4777
2026-01,2,como ganhar dinheiro,10136,2114
2026-01,3,como ficar rico,5636,1314
2026-01,4,como investir dinheiro,4307,887
2026-01,5,como fazer dinheiro na internet,4014,850
2026-01,6,ganhar dinheiro na internet,2625,590
2026-01,7,como ganhar dinheiro em casa,2510,524
2026-01,8,renda extra,2050,433
2026-01,9,como juntar dinheiro,1730,346
2026-01,10,como fazer dinheiro,1712,401
2026-01,11,formas de ganhar dinheiro na internet,1397,294
2026-01,12,como investir,1374,270
2026-01,13,investimento,1307,336
2026-01,14,caixinha turbo nubank,1298,433
2026-01,15,ganhar dinheiro,1174,291
2026-01,16,como conseguir dinheiro rapido,1166,226
2026-01,17,como ganhar dinheiro fácil,1064,221
2026-01,18,como ganhar dinheiro com a internet,1013,200
2026-01,19,como ganhar dinheiro sendo de menor,924,171
2026-01,20,como guardar dinheiro,910,186
2026-01,21,como ganhar dinheiro pela internet,903,182
2026-01,22,como conseguir dinheiro,856,152
2026-01,23,como ser rico,823,201
2026-01,24,como economizar dinheiro,770,179
2026-01,25,como fazer dinheiro em casa,759,158
2026-02,1,como ganhar dinheiro na internet,17839,3726
2026-02,2,como ganhar dinheiro,7280,1489
2026-02,3,como ficar rico,4490,1016
2026-02,4,como investir dinheiro,3389,712
2026-02,5,como fazer dinheiro na internet,3044,633
2026-02,6,ganhar dinheiro na internet,2059,440
2026-02,7,como ganhar dinheiro em casa,1974,418
2026-02,8,investimento,1850,1503
2026-02,9,renda extra,1539,323
2026-02,10,como fazer dinheiro,1504,351
2026-02,11,como juntar dinheiro,1392,277
2026-02,12,como investir,1191,240
2026-02,13,bitcoin,1137,777
2026-02,14,formas de ganhar dinheiro na internet,1068,236
2026-02,15,ganhar dinheiro,863,195
2026-02,16,como conseguir dinheiro rapido,833,165
2026-02,17,como ganhar dinheiro com a internet,802,156
2026-02,18,como ser rico,783,164
2026-02,19,como ganhar dinheiro sendo de menor,778,148
2026-02,20,como ganhar dinheiro fácil,777,151
2026-02,21,como fazer dinheiro em casa,768,162
2026-02,22,como guardar dinheiro,731,157
2026-02,23,como economizar dinheiro,729,151
2026-02,24,caixinha turbo nubank,714,242
2026-02,25,como ganhar dinheiro pela internet,709,135
2026-03,1,como ganhar dinheiro na internet,18482,3810
2026-03,2,como ganhar dinheiro,7689,1551
2026-03,3,como ficar rico,5168,1208
2026-03,4,como investir dinheiro,3540,766
2026-03,5,como fazer dinheiro na internet,3047,608
2026-03,6,ganhar dinheiro na internet,2416,492
2026-03,7,investimento,2233,581
2026-03,8,como ganhar dinheiro em casa,2028,416
2026-03,9,renda extra,1993,401
2026-03,10,como fazer dinheiro,1795,411
2026-03,11,como juntar dinheiro,1655,322
2026-03,12,como investir,1346,280
2026-03,13,ganhar dinheiro,1027,226
2026-03,14,como ganhar dinheiro sendo de menor,983,179
2026-03,15,formas de ganhar dinheiro na internet,982,203
2026-03,16,como economizar dinheiro,939,198
2026-03,17,como ganhar dinheiro com a internet,900,180
2026-03,18,como guardar dinheiro,875,192
2026-03,19,como ganhar dinheiro fácil,843,172
2026-03,20,como fazer dinheiro em casa,834,182
2026-03,21,como conseguir dinheiro rapido,820,164
2026-03,22,como ser rico,810,173
2026-03,23,como ganhar dinheiro pela internet,730,140
2026-03,24,mercado pago,722,496
2026-03,25,como conseguir dinheiro,697,120
2026-04,1,como ganhar dinheiro na internet,18327,3716
2026-04,2,como ganhar dinheiro,7299,1519
2026-04,3,como ficar rico,4772,1142
2026-04,4,como fazer dinheiro na internet,3181,650
2026-04,5,como investir dinheiro,3016,621
2026-04,6,ganhar dinheiro na internet,2386,468
2026-04,7,como ganhar dinheiro em casa,2080,423
2026-04,8,investimento,1791,449
2026-04,9,renda extra,1619,367
2026-04,10,como fazer dinheiro,1486,323
2026-04,11,como juntar dinheiro,1420,259
2026-04,12,como investir,1075,209
2026-04,13,ganhar dinheiro,1061,232
2026-04,14,formas de ganhar dinheiro na internet,988,206
2026-04,15,como economizar dinheiro,884,178
2026-04,16,como fazer dinheiro em casa,868,178
2026-04,17,como ganhar dinheiro com a internet,811,159
2026-04,18,como ganhar dinheiro sendo de menor,809,142
2026-04,19,como ganhar dinheiro fácil,806,150
2026-04,20,como guardar dinheiro,782,154
2026-04,21,como ganhar dinheiro pela internet,775,151
2026-04,22,caixinha turbo nubank,754,227
2026-04,23,como ser rico,730,149
2026-04,24,como conseguir dinheiro rapido,729,172
2026-04,25,como conseguir dinheiro,725,124
2026-05,1,como ganhar dinheiro na internet,14302,2929
2026-05,2,como ganhar dinheiro,6598,1414
2026-05,3,como ficar rico,4141,1040
2026-05,4,como investir dinheiro,2606,627
2026-05,5,como fazer dinheiro na internet,2435,500
2026-05,6,ganhar dinheiro na internet,1916,393
2026-05,7,investimento,1726,415
2026-05,8,como fazer dinheiro,1581,339
2026-05,9,como juntar dinheiro,1522,291
2026-05,10,como ganhar dinheiro em casa,1442,304
2026-05,11,renda extra,1394,264
2026-05,12,como ganhar dinheiro sendo de menor,1052,190
2026-05,13,ganhar dinheiro,977,198
2026-05,14,como investir,892,179
2026-05,15,formas de ganhar dinheiro na internet,891,187
2026-05,16,como economizar dinheiro,766,164
2026-05,17,como conseguir dinheiro,748,132
2026-05,18,como fazer dinheiro em casa,747,153
2026-05,19,caixinha turbo nubank,729,224
2026-05,20,como conseguir dinheiro rapido,721,148
2026-05,21,como guardar dinheiro,717,152
2026-05,22,como ganhar dinheiro fácil,664,128
2026-05,23,como ganhar dinheiro pela internet,626,117
2026-05,24,como ganhar dinheiro com a internet,618,123
2026-05,25,rico,613,98
2026-06,1,como ganhar dinheiro na internet,11791,2387
2026-06,2,como ganhar dinheiro,5633,1097
2026-06,3,como ficar rico,3635,814
2026-06,4,como investir dinheiro,2486,576
2026-06,5,como fazer dinheiro na internet,1978,422
2026-06,6,investimento,1863,422
2026-06,7,ganhar dinheiro na internet,1634,372
2026-06,8,como ganhar dinheiro em casa,1424,285
2026-06,9,renda extra,1347,274
2026-06,10,como juntar dinheiro,1244,235
2026-06,11,como fazer dinheiro,1137,235
2026-06,12,ganhar dinheiro,781,165
2026-06,13,como conseguir dinheiro,719,125
2026-06,14,como investir,717,142
2026-06,15,como ganhar dinheiro sendo de menor,664,128
2026-06,16,formas de ganhar dinheiro na internet,660,138
2026-06,17,como ganhar dinheiro fácil,645,122
2026-06,18,como ganhar dinheiro com a internet,642,130
2026-06,19,como economizar dinheiro,628,126
2026-06,20,como ser rico,622,133
2026-06,21,como fazer dinheiro em casa,621,134
2026-06,22,como conseguir dinheiro rapido,598,113
2026-06,23,como guardar dinheiro,584,124
2026-06,24,como ganhar dinheiro pela internet,481,92
2026-06,25,formas de ganhar dinheiro,436,95
2026-07,1,como ganhar dinheiro na internet,11265,2430
2026-07,2,como ganhar dinheiro,5926,1137
2026-07,3,como ficar rico,3959,847
2026-07,4,como investir dinheiro,2527,522
2026-07,5,investimento,2113,465
2026-07,6,como fazer dinheiro na internet,1701,357
2026-07,7,como ganhar dinheiro em casa,1695,352
2026-07,8,renda extra,1416,289
2026-07,9,ganhar dinheiro na internet,1398,283
2026-07,10,como juntar dinheiro,1249,316
2026-07,11,como fazer dinheiro,1213,254
2026-07,12,ganhar dinheiro,813,159
2026-07,13,como conseguir dinheiro,752,126
2026-07,14,como economizar dinheiro,725,159
2026-07,15,como investir,721,146
2026-07,16,formas de ganhar dinheiro na internet,663,137
2026-07,17,como ganhar dinheiro fácil,656,119
2026-07,18,como ser rico,611,136
2026-07,19,como fazer dinheiro em casa,579,124
2026-07,20,como conseguir dinheiro rapido,557,112
2026-07,21,como ganhar dinheiro com a internet,502,98
2026-07,22,como guardar dinheiro,458,92
2026-07,23,como ganhar dinheiro pela internet,420,79
2026-07,24,como multiplicar dinheiro,390,85
2026-07,25,como ganhar dinheiro sendo de menor,383,73
2026-08,1,como ganhar dinheiro,5139,978
2026-08,2,como ganhar dinheiro na internet,4343,827
2026-08,3,como ficar rico,3585,957
2026-08,4,como investir dinheiro,1600,325
2026-08,5,como juntar dinheiro,1184,224
2026-08,6,como fazer dinheiro,1139,224
2026-08,7,investimento,768,176
2026-08,8,ganhar dinheiro,748,197
2026-08,9,como ganhar dinheiro em casa,667,139
2026-08,10,trxf11,662,1381
2026-08,11,como ser rico,630,137
2026-08,12,como ganhar dinheiro fácil,589,110
2026-08,13,como fazer dinheiro na internet,556,106
2026-08,14,como conseguir dinheiro,520,86
2026-08,15,como conseguir dinheiro rapido,514,90
2026-08,16,como investir,484,93
2026-08,17,ganhar dinheiro na internet,479,106
2026-08,18,como fazer dinheiro em casa,403,78
2026-08,19,renda extra,367,65
2026-08,20,como ganhar muito dinheiro,366,73
2026-08,21,como multiplicar dinheiro,348,78
2026-08,22,como juntar dinheiro rapido,325,67
2026-08,23,rico,310,51
2026-08,24,mercado pago,297,246
2026-08,25,como ficar milionario,284,66
2026-09,1,como ganhar dinheiro,5640,957
2026-09,2,como ficar rico,3836,733
2026-09,3,como ganhar dinheiro na internet,2526,471
2026-09,4,como fazer dinheiro,1570,266
2026-09,5,como juntar dinheiro,1243,236
2026-09,6,como investir dinheiro,1091,199
2026-09,7,trxf11,854,2907
2026-09,8,ganhar dinheiro,763,109
2026-09,9,como ser rico,693,138
2026-09,10,como ganhar dinheiro em casa,568,91
2026-09,11,como ganhar dinheiro fácil,531,82
2026-09,12,investimento,521,153
2026-09,13,renda extra,488,76
2026-09,14,mercado pago,467,200
2026-09,15,como conseguir dinheiro rapido,453,69
2026-09,16,como conseguir dinheiro,452,64
2026-09,17,irbr3,389,76
2026-09,18,como fazer dinheiro na internet,367,65
2026-09,19,como fazer dinheiro em casa,351,61
2026-09,20,como multiplicar dinheiro,350,63
2026-09,21,rico,337,44
2026-09,22,ganhar dinheiro na internet,335,53
2026-09,23,como ganhar muito dinheiro,326,61
2026-09,24,formas de ganhar dinheiro,308,52
2026-09,25,dinheiro,299,75
total,1,como ganhar dinheiro na internet,220662,45056
total,2,como ganhar dinheiro,109957,22364
total,3,banco next,106612,422161
total,4,irbr3,104334,333730
total,5,next,96114,365700
total,6,como ficar rico,83000,19468
total,7,oibr3,69582,207306
total,8,caixinha turbo nubank,56862,20459
total,9,como investir dinheiro,48609,11246
total,10,banco original,40206,171067
total,11,como fazer dinheiro na internet,34403,7009
total,12,cartao next,33530,111897
total,13,investir e coçar é só começar,33180,165594
total,14,investimento,31598,17908
total,15,ganhar dinheiro na internet,31189,6774
total,16,nubank,30851,116109
total,17,como ganhar dinheiro em casa,29477,6182
total,18,renda extra,26480,5680
total,19,como fazer dinheiro,25463,5580
total,20,cartão next,24679,82825
total,21,vvar3,23220,80097
total,22,banco next vale a pena,22815,97255
total,23,como juntar dinheiro,22669,4952
total,24,ganhar dinheiro,17788,4104
total,25,nextjoy,16551,44237
