mes,origem,origem_pt,views,minutos,pct_views_mes
2025-04,SHORTS,Feed do Shorts,1206996,235556,83.88
2025-04,YT_SEARCH,Pesquisa do YouTube,158609,75566,11.02
2025-04,SUBSCRIBER,Inscritos (feed/sino),37871,198704,2.63
2025-04,RELATED_VIDEO,Vídeos sugeridos (Recomendados),11398,101902,0.79
2025-04,YT_OTHER_PAGE,Outras páginas do YouTube,7199,11530,0.5
2025-04,YT_CHANNEL,Página do canal,6428,9403,0.45
2025-04,EXT_URL,Externo,3797,9267,0.26
2025-04,NOTIFICATION,Notificações,2901,11125,0.2
2025-04,NO_LINK_OTHER,Direto ou desconhecido,1289,5402,0.09
2025-04,SHORTS_CONTENT_LINKS,SHORTS_CONTENT_LINKS,1138,1528,0.08
2025-04,END_SCREEN,Tela final,584,6007,0.04
2025-04,PLAYLIST,Playlists,435,3768,0.03
2025-04,HASHTAGS,Hashtags,238,85,0.02
2025-04,SOUND_PAGE,Página de áudio,104,20,0.01
2025-04,ANNOTATION,Cards/anotações,3,7,0.0
2025-05,SHORTS,Feed do Shorts,1337143,281963,77.92
2025-05,YT_SEARCH,Pesquisa do YouTube,311111,108351,18.13
2025-05,SUBSCRIBER,Inscritos (feed/sino),26728,105735,1.56
2025-05,YT_OTHER_PAGE,Outras páginas do YouTube,11214,9532,0.65
2025-05,YT_CHANNEL,Página do canal,11040,8702,0.64
2025-05,RELATED_VIDEO,Vídeos sugeridos (Recomendados),7243,51581,0.42
2025-05,EXT_URL,Externo,4555,8549,0.27
2025-05,NOTIFICATION,Notificações,2729,7059,0.16
2025-05,SHORTS_CONTENT_LINKS,SHORTS_CONTENT_LINKS,1814,4240,0.11
2025-05,NO_LINK_OTHER,Direto ou desconhecido,957,3069,0.06
2025-05,END_SCREEN,Tela final,489,4841,0.03
2025-05,PLAYLIST,Playlists,427,2611,0.02
2025-05,HASHTAGS,Hashtags,413,124,0.02
2025-05,SOUND_PAGE,Página de áudio,101,25,0.01
2025-05,ANNOTATION,Cards/anotações,3,13,0.0
2025-05,IMMERSIVE_LIVE,Live imersiva,1,0,0.0
2025-06,SHORTS,Feed do Shorts,471499,89767,56.73
2025-06,YT_SEARCH,Pesquisa do YouTube,280703,106691,33.78
2025-06,SUBSCRIBER,Inscritos (feed/sino),43064,158086,5.18
2025-06,RELATED_VIDEO,Vídeos sugeridos (Recomendados),11261,73449,1.36
2025-06,YT_OTHER_PAGE,Outras páginas do YouTube,6862,10109,0.83
2025-06,YT_CHANNEL,Página do canal,6119,9600,0.74
2025-06,EXT_URL,Externo,4480,14549,0.54
2025-06,NOTIFICATION,Notificações,2983,10804,0.36
2025-06,SHORTS_CONTENT_LINKS,SHORTS_CONTENT_LINKS,1185,2855,0.14
2025-06,NO_LINK_OTHER,Direto ou desconhecido,1128,3871,0.14
2025-06,END_SCREEN,Tela final,876,7637,0.11
2025-06,PLAYLIST,Playlists,442,2687,0.05
2025-06,HASHTAGS,Hashtags,429,114,0.05
2025-06,SOUND_PAGE,Página de áudio,27,7,0.0
2025-06,ANNOTATION,Cards/anotações,3,6,0.0
2025-07,SHORTS,Feed do Shorts,453297,88240,55.63
2025-07,YT_SEARCH,Pesquisa do YouTube,306659,102930,37.63
2025-07,SUBSCRIBER,Inscritos (feed/sino),25879,112244,3.18
2025-07,RELATED_VIDEO,Vídeos sugeridos (Recomendados),8571,64563,1.05
2025-07,YT_OTHER_PAGE,Outras páginas do YouTube,7251,7976,0.89
2025-07,YT_CHANNEL,Página do canal,5247,6561,0.64
2025-07,EXT_URL,Externo,2933,8176,0.36
2025-07,NOTIFICATION,Notificações,1607,5932,0.2
2025-07,SHORTS_CONTENT_LINKS,SHORTS_CONTENT_LINKS,1287,2467,0.16
2025-07,NO_LINK_OTHER,Direto ou desconhecido,984,3327,0.12
2025-07,HASHTAGS,Hashtags,370,108,0.05
2025-07,END_SCREEN,Tela final,362,3603,0.04
2025-07,PLAYLIST,Playlists,335,2158,0.04
2025-07,VIDEO_REMIXES,Remixes,51,10,0.01
2025-07,SOUND_PAGE,Página de áudio,23,4,0.0
2025-08,SHORTS,Feed do Shorts,900022,182105,71.49
2025-08,YT_SEARCH,Pesquisa do YouTube,304472,102700,24.18
2025-08,SUBSCRIBER,Inscritos (feed/sino),23552,95466,1.87
2025-08,YT_OTHER_PAGE,Outras páginas do YouTube,8469,7529,0.67
2025-08,RELATED_VIDEO,Vídeos sugeridos (Recomendados),7293,52201,0.58
2025-08,YT_CHANNEL,Página do canal,6529,7423,0.52
2025-08,EXT_URL,Externo,2881,6425,0.23
2025-08,NOTIFICATION,Notificações,2036,5197,0.16
2025-08,SHORTS_CONTENT_LINKS,SHORTS_CONTENT_LINKS,1715,3104,0.14
2025-08,NO_LINK_OTHER,Direto ou desconhecido,821,2940,0.07
2025-08,HASHTAGS,Hashtags,384,214,0.03
2025-08,PLAYLIST,Playlists,369,2616,0.03
2025-08,END_SCREEN,Tela final,369,3721,0.03
2025-08,SOUND_PAGE,Página de áudio,63,41,0.01
2025-08,VIDEO_REMIXES,Remixes,21,3,0.0
2025-08,ANNOTATION,Cards/anotações,5,17,0.0
2025-08,IMMERSIVE_LIVE,Live imersiva,4,0,0.0
2025-09,SHORTS,Feed do Shorts,254268,47809,43.88
2025-09,YT_SEARCH,Pesquisa do YouTube,253076,98778,43.67
2025-09,SUBSCRIBER,Inscritos (feed/sino),43855,236702,7.57
2025-09,RELATED_VIDEO,Vídeos sugeridos (Recomendados),10336,80145,1.78
2025-09,YT_CHANNEL,Página do canal,5115,7981,0.88
2025-09,YT_OTHER_PAGE,Outras páginas do YouTube,4729,10950,0.82
2025-09,NOTIFICATION,Notificações,2182,7969,0.38
2025-09,EXT_URL,Externo,2139,6100,0.37
2025-09,NO_LINK_OTHER,Direto ou desconhecido,1176,4426,0.2
2025-09,SHORTS_CONTENT_LINKS,SHORTS_CONTENT_LINKS,986,2043,0.17
2025-09,END_SCREEN,Tela final,760,7088,0.13
2025-09,PLAYLIST,Playlists,518,3986,0.09
2025-09,HASHTAGS,Hashtags,274,84,0.05
2025-09,SOUND_PAGE,Página de áudio,35,5,0.01
2025-09,VIDEO_REMIXES,Remixes,3,0,0.0
2025-09,ANNOTATION,Cards/anotações,1,0,0.0
2025-10,YT_SEARCH,Pesquisa do YouTube,213579,88618,46.33
2025-10,SHORTS,Feed do Shorts,185133,33166,40.16
2025-10,SUBSCRIBER,Inscritos (feed/sino),36801,144803,7.98
2025-10,RELATED_VIDEO,Vídeos sugeridos (Recomendados),8566,67738,1.86
2025-10,EXT_URL,Externo,3793,9212,0.82
2025-10,YT_CHANNEL,Página do canal,3781,5699,0.82
2025-10,NOTIFICATION,Notificações,3312,7052,0.72
2025-10,YT_OTHER_PAGE,Outras páginas do YouTube,3118,7559,0.68
2025-10,NO_LINK_OTHER,Direto ou desconhecido,822,3318,0.18
2025-10,END_SCREEN,Tela final,792,6902,0.17
2025-10,SHORTS_CONTENT_LINKS,SHORTS_CONTENT_LINKS,781,1720,0.17
2025-10,PLAYLIST,Playlists,345,2695,0.07
2025-10,HASHTAGS,Hashtags,178,80,0.04
2025-10,SOUND_PAGE,Página de áudio,28,5,0.01
2025-10,ANNOTATION,Cards/anotações,1,0,0.0
2025-10,IMMERSIVE_LIVE,Live imersiva,1,0,0.0
2025-11,YT_SEARCH,Pesquisa do YouTube,204568,89029,60.44
2025-11,SUBSCRIBER,Inscritos (feed/sino),53043,222331,15.67
2025-11,SHORTS,Feed do Shorts,49811,9598,14.72
2025-11,RELATED_VIDEO,Vídeos sugeridos (Recomendados),17141,106956,5.06
2025-11,YT_CHANNEL,Página do canal,3058,7813,0.9
2025-11,YT_OTHER_PAGE,Outras páginas do YouTube,2651,9376,0.78
2025-11,NOTIFICATION,Notificações,2481,6845,0.73
2025-11,EXT_URL,Externo,1712,5070,0.51
2025-11,NO_LINK_OTHER,Direto ou desconhecido,1472,5436,0.43
2025-11,END_SCREEN,Tela final,1276,10895,0.38
2025-11,PLAYLIST,Playlists,555,3558,0.16
2025-11,SHORTS_CONTENT_LINKS,SHORTS_CONTENT_LINKS,482,934,0.14
2025-11,HASHTAGS,Hashtags,184,77,0.05
2025-11,ANNOTATION,Cards/anotações,8,63,0.0
2025-11,SOUND_PAGE,Página de áudio,8,2,0.0
2025-11,IMMERSIVE_LIVE,Live imersiva,2,0,0.0
2025-12,YT_SEARCH,Pesquisa do YouTube,214860,88308,67.95
2025-12,SHORTS,Feed do Shorts,53056,6588,16.78
2025-12,SUBSCRIBER,Inscritos (feed/sino),27032,144957,8.55
2025-12,RELATED_VIDEO,Vídeos sugeridos (Recomendados),9122,68706,2.88
2025-12,NOTIFICATION,Notificações,2852,5551,0.9
2025-12,YT_CHANNEL,Página do canal,2631,5209,0.83
2025-12,YT_OTHER_PAGE,Outras páginas do YouTube,2378,7951,0.75
2025-12,EXT_URL,Externo,1683,4202,0.53
2025-12,NO_LINK_OTHER,Direto ou desconhecido,815,3062,0.26
2025-12,END_SCREEN,Tela final,782,6579,0.25
2025-12,SHORTS_CONTENT_LINKS,SHORTS_CONTENT_LINKS,435,875,0.14
2025-12,PLAYLIST,Playlists,396,2957,0.13
2025-12,HASHTAGS,Hashtags,131,88,0.04
2025-12,SOUND_PAGE,Página de áudio,24,2,0.01
2025-12,VIDEO_REMIXES,Remixes,7,1,0.0
2026-01,YT_SEARCH,Pesquisa do YouTube,274600,111840,64.8
2026-01,SUBSCRIBER,Inscritos (feed/sino),57759,298829,13.63
2026-01,SHORTS,Feed do Shorts,54207,11736,12.79
2026-01,RELATED_VIDEO,Vídeos sugeridos (Recomendados),19637,153629,4.63
2026-01,YT_CHANNEL,Página do canal,3888,12517,0.92
2026-01,YT_OTHER_PAGE,Outras páginas do YouTube,3406,15189,0.8
2026-01,NOTIFICATION,Notificações,2859,9553,0.67
2026-01,EXT_URL,Externo,2786,10335,0.66
2026-01,NO_LINK_OTHER,Direto ou desconhecido,1783,7472,0.42
2026-01,END_SCREEN,Tela final,1622,14157,0.38
2026-01,PLAYLIST,Playlists,562,4361,0.13
2026-01,SHORTS_CONTENT_LINKS,SHORTS_CONTENT_LINKS,545,1004,0.13
2026-01,HASHTAGS,Hashtags,110,46,0.03
2026-01,SOUND_PAGE,Página de áudio,13,1,0.0
2026-01,VIDEO_REMIXES,Remixes,1,0,0.0
2026-02,YT_SEARCH,Pesquisa do YouTube,239435,97085,44.59
2026-02,SHORTS,Feed do Shorts,179933,33828,33.51
2026-02,SUBSCRIBER,Inscritos (feed/sino),71170,309932,13.25
2026-02,RELATED_VIDEO,Vídeos sugeridos (Recomendados),22049,147556,4.11
2026-02,YT_OTHER_PAGE,Outras páginas do YouTube,5646,12662,1.05
2026-02,YT_CHANNEL,Página do canal,5283,11678,0.98
2026-02,NOTIFICATION,Notificações,5083,8999,0.95
2026-02,EXT_URL,Externo,3556,6836,0.66
2026-02,NO_LINK_OTHER,Direto ou desconhecido,2194,8100,0.41
2026-02,END_SCREEN,Tela final,1429,11536,0.27
2026-02,PLAYLIST,Playlists,665,4392,0.12
2026-02,SHORTS_CONTENT_LINKS,SHORTS_CONTENT_LINKS,399,596,0.07
2026-02,HASHTAGS,Hashtags,77,40,0.01
2026-02,SOUND_PAGE,Página de áudio,42,7,0.01
2026-02,ANNOTATION,Cards/anotações,1,2,0.0
2026-03,YT_SEARCH,Pesquisa do YouTube,273880,98072,78.2
2026-03,SUBSCRIBER,Inscritos (feed/sino),37745,194410,10.78
2026-03,SHORTS,Feed do Shorts,18005,3693,5.14
2026-03,RELATED_VIDEO,Vídeos sugeridos (Recomendados),10455,85337,2.99
2026-03,YT_OTHER_PAGE,Outras páginas do YouTube,2051,9466,0.59
2026-03,YT_CHANNEL,Página do canal,1954,6327,0.56
2026-03,NOTIFICATION,Notificações,1721,8793,0.49
2026-03,EXT_URL,Externo,1504,4585,0.43
2026-03,NO_LINK_OTHER,Direto ou desconhecido,1266,5868,0.36
2026-03,END_SCREEN,Tela final,697,5704,0.2
2026-03,PLAYLIST,Playlists,475,3750,0.14
2026-03,SHORTS_CONTENT_LINKS,SHORTS_CONTENT_LINKS,405,632,0.12
2026-03,HASHTAGS,Hashtags,79,50,0.02
2026-03,SOUND_PAGE,Página de áudio,8,0,0.0
2026-03,ANNOTATION,Cards/anotações,2,2,0.0
2026-03,VIDEO_REMIXES,Remixes,1,0,0.0
2026-04,YT_SEARCH,Pesquisa do YouTube,250652,84469,76.76
2026-04,SHORTS,Feed do Shorts,43963,8611,13.46
2026-04,SUBSCRIBER,Inscritos (feed/sino),18093,79993,5.54
2026-04,RELATED_VIDEO,Vídeos sugeridos (Recomendados),4542,32464,1.39
2026-04,YT_CHANNEL,Página do canal,2213,4893,0.68
2026-04,YT_OTHER_PAGE,Outras páginas do YouTube,2099,5284,0.64
2026-04,NOTIFICATION,Notificações,1730,5746,0.53
2026-04,EXT_URL,Externo,1167,3237,0.36
2026-04,NO_LINK_OTHER,Direto ou desconhecido,735,2731,0.23
2026-04,END_SCREEN,Tela final,585,4825,0.18
2026-04,PLAYLIST,Playlists,378,2439,0.12
2026-04,SHORTS_CONTENT_LINKS,SHORTS_CONTENT_LINKS,337,597,0.1
2026-04,HASHTAGS,Hashtags,23,19,0.01
2026-04,SOUND_PAGE,Página de áudio,7,1,0.0
2026-04,ANNOTATION,Cards/anotações,1,0,0.0
2026-04,VIDEO_REMIXES,Remixes,1,0,0.0
2026-05,YT_SEARCH,Pesquisa do YouTube,211052,77842,68.6
2026-05,SHORTS,Feed do Shorts,63829,7379,20.75
2026-05,SUBSCRIBER,Inscritos (feed/sino),19390,112588,6.3
2026-05,RELATED_VIDEO,Vídeos sugeridos (Recomendados),4216,37656,1.37
2026-05,NOTIFICATION,Notificações,2329,7010,0.76
2026-05,YT_OTHER_PAGE,Outras páginas do YouTube,2027,5848,0.66
2026-05,YT_CHANNEL,Página do canal,1785,4040,0.58
2026-05,EXT_URL,Externo,1120,3336,0.36
2026-05,NO_LINK_OTHER,Direto ou desconhecido,811,3260,0.26
2026-05,END_SCREEN,Tela final,418,3249,0.14
2026-05,PLAYLIST,Playlists,316,2183,0.1
2026-05,SHORTS_CONTENT_LINKS,SHORTS_CONTENT_LINKS,307,511,0.1
2026-05,HASHTAGS,Hashtags,36,46,0.01
2026-05,SOUND_PAGE,Página de áudio,19,1,0.01
2026-05,ANNOTATION,Cards/anotações,2,0,0.0
2026-06,YT_SEARCH,Pesquisa do YouTube,196625,76933,44.95
2026-06,SHORTS,Feed do Shorts,176537,22362,40.36
2026-06,SUBSCRIBER,Inscritos (feed/sino),32326,143262,7.39
2026-06,RELATED_VIDEO,Vídeos sugeridos (Recomendados),12087,93308,2.76
2026-06,NOTIFICATION,Notificações,7600,8928,1.74
2026-06,YT_OTHER_PAGE,Outras páginas do YouTube,4198,8506,0.96
2026-06,YT_CHANNEL,Página do canal,4064,8731,0.93
2026-06,EXT_URL,Externo,1480,3501,0.34
2026-06,NO_LINK_OTHER,Direto ou desconhecido,1138,4712,0.26
2026-06,END_SCREEN,Tela final,634,4860,0.14
2026-06,PLAYLIST,Playlists,364,2558,0.08
2026-06,SHORTS_CONTENT_LINKS,SHORTS_CONTENT_LINKS,222,397,0.05
2026-06,HASHTAGS,Hashtags,84,42,0.02
2026-06,SOUND_PAGE,Página de áudio,31,3,0.01
2026-06,ANNOTATION,Cards/anotações,1,1,0.0
2026-07,YT_SEARCH,Pesquisa do YouTube,180561,64951,51.45
2026-07,SHORTS,Feed do Shorts,101675,15356,28.97
2026-07,SUBSCRIBER,Inscritos (feed/sino),44124,209705,12.57
2026-07,RELATED_VIDEO,Vídeos sugeridos (Recomendados),10691,89286,3.05
2026-07,NOTIFICATION,Notificações,4205,9313,1.2
2026-07,YT_OTHER_PAGE,Outras páginas do YouTube,3126,9375,0.89
2026-07,YT_CHANNEL,Página do canal,2779,7736,0.79
2026-07,NO_LINK_OTHER,Direto ou desconhecido,1367,6655,0.39
2026-07,EXT_URL,Externo,1041,3270,0.3
2026-07,END_SCREEN,Tela final,675,5328,0.19
2026-07,PLAYLIST,Playlists,494,3730,0.14
2026-07,SHORTS_CONTENT_LINKS,SHORTS_CONTENT_LINKS,149,273,0.04
2026-07,SOUND_PAGE,Página de áudio,14,3,0.0
2026-07,HASHTAGS,Hashtags,10,33,0.0
2026-08,YT_SEARCH,Pesquisa do YouTube,117181,48084,61.31
2026-08,SHORTS,Feed do Shorts,34766,5231,18.19
2026-08,SUBSCRIBER,Inscritos (feed/sino),27401,101374,14.34
2026-08,RELATED_VIDEO,Vídeos sugeridos (Recomendados),4816,42494,2.52
2026-08,YT_CHANNEL,Página do canal,1761,5418,0.92
2026-08,NOTIFICATION,Notificações,1617,5381,0.85
2026-08,YT_OTHER_PAGE,Outras páginas do YouTube,1264,4985,0.66
2026-08,NO_LINK_OTHER,Direto ou desconhecido,806,3612,0.42
2026-08,EXT_URL,Externo,795,2707,0.42
2026-08,PLAYLIST,Playlists,314,2364,0.16
2026-08,END_SCREEN,Tela final,301,2508,0.16
2026-08,SHORTS_CONTENT_LINKS,SHORTS_CONTENT_LINKS,61,80,0.03
2026-08,HASHTAGS,Hashtags,32,62,0.02
2026-08,SOUND_PAGE,Página de áudio,11,1,0.01
2026-08,ANNOTATION,Cards/anotações,2,3,0.0
2026-08,VIDEO_REMIXES,Remixes,2,1,0.0
2026-09,SUBSCRIBER,Inscritos (feed/sino),143671,173161,51.68
2026-09,YT_SEARCH,Pesquisa do YouTube,111916,35406,40.26
2026-09,SHORTS,Feed do Shorts,9436,1703,3.39
2026-09,RELATED_VIDEO,Vídeos sugeridos (Recomendados),6462,49798,2.32
2026-09,YT_CHANNEL,Página do canal,1914,3763,0.69
2026-09,YT_OTHER_PAGE,Outras páginas do YouTube,1237,5887,0.44
2026-09,NOTIFICATION,Notificações,1041,5749,0.37
2026-09,NO_LINK_OTHER,Direto ou desconhecido,1040,5136,0.37
2026-09,EXT_URL,Externo,484,1351,0.17
2026-09,PLAYLIST,Playlists,430,3482,0.15
2026-09,END_SCREEN,Tela final,280,2657,0.1
2026-09,SHORTS_CONTENT_LINKS,SHORTS_CONTENT_LINKS,56,85,0.02
2026-09,HASHTAGS,Hashtags,23,11,0.01
2026-09,ANNOTATION,Cards/anotações,3,1,0.0
2026-09,SOUND_PAGE,Página de áudio,2,0,0.0
