arquivo,episodio,descricao,instituicao_fonte,url_do_item,autor_ou_orgao,data_da_obra,licenca,base_legal,atribuicao_exigida,credito_na_tela,verificado_por,data_verificacao,print_da_pagina
eichmann-passaporte-cruz-vermelha.jpg,01-eichmann,"Documento de viagem da Cruz Vermelha em nome de Ricardo Klement (Gênova, 1950)","Wikimedia Commons (origem: Fundación Memoria del Holocausto, Argentina)",https://commons.wikimedia.org/wiki/File:WP_Eichmann_Passport.jpg,"desconhecido (Comitê Internacional da Cruz Vermelha, delegação de Gênova; foto de autor desconhecido)",1950,domínio público,"PD-AR-Photo na página do Commons. CONFERIR NO MAC: o documento foi emitido na Itália; confirmar se a base argentina se aplica e se há selo de domínio público nos EUA; se não houver, trocar por REC (documento recriado)",não exigida; creditar por boa prática,"Documento de viagem, 1950 · domínio público · via Wikimedia Commons","agente (wikitext da página lida em 03/10/2026); CONFERIR NO MAC: abrir a página, conferir o selo de domínio público NOS EUA e tirar o print",2026-10-03,prints/eichmann-passaporte-cruz-vermelha.png (A FAZER NO MAC)
eichmann-julgamento-1961.jpg,01-eichmann,"Eichmann no julgamento, Jerusalém, 1961 (GPO D482-067)",Wikimedia Commons (National Photo Collection of Israel / GPO),https://commons.wikimedia.org/wiki/File:Adolf_Eichmann_at_Trial1961.jpg,Government Press Office (Israel); categoria do Commons: Werner Braun,1961-04-05,domínio público,PD-Israel (obra do Estado com mais de 50 anos). Regra 5: só entra com o selo dos EUA também; CONFERIR NO MAC,não exigida; creditar por boa prática,"Foto: GPO/Israel, 1961 · domínio público","agente (wikitext da página lida em 03/10/2026); CONFERIR NO MAC: abrir a página, conferir o selo de domínio público NOS EUA e tirar o print",2026-10-03,prints/eichmann-julgamento-1961.png (A FAZER NO MAC)
isser-harel-1969.jpg,01-eichmann,"Isser Harel, ex-diretor do Mossad (foto de 1969, GPO D710-083)",Wikimedia Commons (National Photo Collection of Israel / GPO),https://commons.wikimedia.org/wiki/File:Isser_Harel.jpg,Government Press Office (Israel),1969-11-30,domínio público,PD-Israel (obra do Estado com mais de 50 anos); selo dos EUA: CONFERIR NO MAC,não exigida; creditar por boa prática,Isser Harel em 1969 · Foto: GPO/Israel · domínio público,"agente (wikitext da página lida em 03/10/2026); CONFERIR NO MAC: abrir a página, conferir o selo de domínio público NOS EUA e tirar o print",2026-10-03,prints/isser-harel-1969.png (A FAZER NO MAC)
cia-memo-dulles-1953.jpg,01-eichmann,"Memorando ao diretor da CIA (Mr. Dulles), 1953, no arquivo de Eichmann; página 12 do item","NARA, RG 263, Second Release of Name Files (NAID 139332813)",https://catalog.archives.gov/id/139332813,Central Intelligence Agency,1953-10-09,domínio público,Obra do governo dos EUA (17 U.S.C. §105); NARA: Use Restriction = Unrestricted. Arquivo da página: https://catalog.archives.gov/medialz/dc-metro/rg-263/640446/640446_Box31_Folder2/640446_Box31_Folder2-0012.jpg. ATENÇÃO: as cartas de particulares (págs. 6–11) e o recorte de jornal do vol. 1 NÃO são obra do governo e não entram,não exigida,Documento: CIA / NARA RG 263 · domínio público,agente (catálogo NARA lido em 03/10/2026: Use Restriction = Unrestricted); CONFERIR NO MAC: print da página,2026-10-03,prints/cia-memo-dulles-1953.png (A FAZER NO MAC)
cia-memo-1958-clemens.jpg,01-eichmann,Memorando de março de 1958 (informação do BND: Eichmann na Argentina como 'Clemens'),"NARA, RG 263 (provavelmente NAID 139332813, liberado em 2006)",https://catalog.archives.gov/id/139332813,Central Intelligence Agency,1958,domínio público,"Obra do governo dos EUA (17 U.S.C. §105), SE for documento da CIA. CONFERIR NO MAC: localizar a página exata no item (110 págs.) ou nos vols. 1–3 (NAID 139331601, 139331937, 139332313) e confirmar que o papel é da CIA, não do BND",não exigida,Documento: CIA / NARA RG 263 · domínio público,CONFERIR NO MAC (página não localizada daqui),2026-10-03,prints/cia-memo-1958-clemens.png (A FAZER NO MAC)
britannia-el-al-1958.jpg,01-eichmann,"Bristol Britannia da El Al, 1958 (avião do mesmo modelo; legenda deve dizer isso)",Wikimedia Commons (National Photo Collection of Israel / GPO D390-026),https://commons.wikimedia.org/wiki/File:El_Al_Bristol_Britannia_1958.jpg,Fritz Cohen / Government Press Office (Israel),1958-04-01,domínio público,PD-Israel; selo dos EUA: CONFERIR NO MAC,não exigida; creditar por boa prática,"Britannia da El Al, 1958 (mesmo modelo) · Foto: Fritz Cohen/GPO · domínio público","agente (wikitext da página lida em 03/10/2026); CONFERIR NO MAC: abrir a página, conferir o selo de domínio público NOS EUA e tirar o print",2026-10-03,prints/britannia-el-al-1958.png (A FAZER NO MAC)
harel-cartao-el-al.jpg,01-eichmann,Cartão de funcionário da El Al emitido a Isser Harel para a operação (1959),"Wikimedia Commons (origem: Centro de Herança da Inteligência de Israel, intelligence.org.il)",https://commons.wikimedia.org/wiki/File:Isser_Harel_document_El_Al.jpg,desconhecido (El Al),1959-11-20,domínio público,"PD-Israel na página. CONFERIR NO MAC: documento de empresa (El Al), não de órgão de governo; se a base PD-Israel não se sustentar, NÃO USAR e trocar por REC",não exigida,Documento de 1959 · domínio público · via Wikimedia Commons,"agente (wikitext da página lida em 03/10/2026); CONFERIR NO MAC: abrir a página, conferir o selo de domínio público NOS EUA e tirar o print",2026-10-03,prints/harel-cartao-el-al.png (A FAZER NO MAC)
ordem-prisao-1960-05-23.jpg,01-eichmann,"Primeira ordem de prisão de Eichmann, tribunal de Tel Aviv, 23/05/1960",Wikimedia Commons (origem declarada: Arquivo do Estado de Israel),https://commons.wikimedia.org/wiki/File:The_first_imprisonment_order_of_Adolf_Eichmann_1960-05-23.jpg,Tribunal de Primeira Instância de Tel Aviv,1960-05-23,domínio público,"PD-Israel na página do Commons. ATENÇÃO: o Arquivo do Estado de Israel publica com licença que proíbe uso comercial; usar SÓ a cópia do Commons com PD-Israel + selo dos EUA. Se não houver, NÃO USAR",não exigida,"Documento: Tribunal de Tel Aviv, 1960 · domínio público","agente (wikitext da página lida em 03/10/2026); CONFERIR NO MAC: abrir a página, conferir o selo de domínio público NOS EUA e tirar o print",2026-10-03,prints/ordem-prisao-1960-05-23.png (A FAZER NO MAC)
resolucao-138-onu.jpg,01-eichmann,"Resolução 138 do Conselho de Segurança da ONU, 23/06/1960 (pág. 1, inglês/francês)",Wikimedia Commons (cópia de documento da ONU),"https://commons.wikimedia.org/wiki/File:ONU_-_R%C3%A9solution_138_du_Conseil_de_s%C3%A9curit%C3%A9_des_Nations_unies,_1960.djvu",Organização das Nações Unidas,1960-06-23,domínio público,PD-US-no notice-UN na página do Commons. Página 1 do .djvu exportada como JPG. CONFERIR NO MAC (o download foi barrado por limite de acesso),não exigida,"Documento: ONU, S/RES/138 (1960) · domínio público",CONFERIR NO MAC (wikitext lido em 03/10/2026; arquivo não baixado),2026-10-03,prints/resolucao-138-onu.png (A FAZER NO MAC)
juizes-julgamento-1961.jpg,01-eichmann,"Juízes Benjamin Halevi, Moshe Landau e Yitzhak Raveh, 1961",Wikimedia Commons (National Photo Collection of Israel / GPO),https://commons.wikimedia.org/wiki/File:Eichman_Trial_judges.jpg,Government Press Office (Israel),1961-04-05,domínio público,PD-Israel; selo dos EUA: CONFERIR NO MAC,não exigida; creditar por boa prática,"Foto: GPO/Israel, 1961 · domínio público","agente (wikitext da página lida em 03/10/2026); CONFERIR NO MAC: abrir a página, conferir o selo de domínio público NOS EUA e tirar o print",2026-10-03,prints/juizes-julgamento-1961.png (A FAZER NO MAC)
hausner-servatius-1961.jpg,01-eichmann,"Robert Servatius (defesa) e Gideon Hausner (acusação) no julgamento, 11/07/1961","Wikimedia Commons (USHMM foto 65284, cortesia GPO)",https://commons.wikimedia.org/wiki/File:Gideon_Hausner_and_Robert_Servatius_at_the_Eichmann_trial_USHMM_No_65284.jpg,Government Press Office (Israel),1961-07-11,domínio público,PD-Israel; selo dos EUA: CONFERIR NO MAC,não exigida; creditar por boa prática,"Foto: GPO/Israel, via USHMM · domínio público","agente (wikitext da página lida em 03/10/2026); CONFERIR NO MAC: abrir a página, conferir o selo de domínio público NOS EUA e tirar o print",2026-10-03,prints/hausner-servatius-1961.png (A FAZER NO MAC)
eichmann-cabine-anotacoes-1961.jpg,01-eichmann,"Eichmann na cabine de vidro durante o julgamento, 29/05/1961","Wikimedia Commons (USHMM foto 65268, cortesia GPO)",https://commons.wikimedia.org/wiki/File:Adolf_Eichmann_takes_notes_during_his_trial_USHMM_65268.jpg,Government Press Office (Israel),1961-05-29,domínio público,PD-author (Israel Government Press Office); selo dos EUA: CONFERIR NO MAC,não exigida; creditar por boa prática,"Foto: GPO/Israel, via USHMM · domínio público","agente (wikitext da página lida em 03/10/2026); CONFERIR NO MAC: abrir a página, conferir o selo de domínio público NOS EUA e tirar o print",2026-10-03,prints/eichmann-cabine-anotacoes-1961.png (A FAZER NO MAC)
dinur-testemunha-1961.jpg,01-eichmann,"Yehiel De-Nur (Ka-Tzetnik), testemunha de acusação, 07/06/1961",Wikimedia Commons (GPO D409-026),https://commons.wikimedia.org/wiki/File:YEHIEL_DINUR_KATZETNIK_D409-026.jpg,Government Press Office (Israel),1961-06-07,domínio público,PD-author (Israel Government Press Office); selo dos EUA: CONFERIR NO MAC,não exigida; creditar por boa prática,"Yehiel De-Nur, testemunha · Foto: GPO/Israel · domínio público","agente (wikitext da página lida em 03/10/2026); CONFERIR NO MAC: abrir a página, conferir o selo de domínio público NOS EUA e tirar o print",2026-10-03,prints/dinur-testemunha-1961.png (A FAZER NO MAC)
sentenca-1961-12-15.jpg,01-eichmann,"Eichmann ouve a sentença, 15/12/1961 (GPO D410-005)",Wikimedia Commons (GPO; USHMM foto 65289),https://commons.wikimedia.org/wiki/File:Adolf_Eichmann_is_sentenced_to_death_at_the_conclusion_of_the_Eichmann_Trial_USHMM_65289.jpg,Government Press Office (Israel),1961-12-15,domínio público,PD-Israel; selo dos EUA: CONFERIR NO MAC,não exigida; creditar por boa prática,"Foto: GPO/Israel, 1961 · domínio público","agente (wikitext da página lida em 03/10/2026); CONFERIR NO MAC: abrir a página, conferir o selo de domínio público NOS EUA e tirar o print",2026-10-03,prints/sentenca-1961-12-15.png (A FAZER NO MAC)
cinejornal-1961-eichmann.mp4,01-eichmann,"Cinejornal Universal-International sobre o julgamento (1961); usar só imagem, sem o áudio original",Wikimedia Commons (cópia do acervo de filmes do NARA),https://commons.wikimedia.org/wiki/File:1961-04-13_Tale_Of_Century_-_Eichmann_Tried_For_War_Crimes.ogv,Universal-International News,1961,domínio público,PD-Universal Newsreel (a Universal cedeu os cinejornais ao NARA sem restrição). Converter .ogv → .mp4 sem áudio (baixar_imagens.py). Trecho com a sentença de morte na narração original: NÃO usar áudio,não exigida; creditar por boa prática,"Cinejornal Universal, 1961 · NARA · domínio público","agente (wikitext da página lida em 03/10/2026); CONFERIR NO MAC: abrir a página, conferir o selo de domínio público NOS EUA e tirar o print",2026-10-03,prints/cinejornal-1961-eichmann.png (A FAZER NO MAC)
julgamento-ushmm-sessao.mp4,01-eichmann,"Gravação do julgamento (Capital Cities Broadcasting, 1961), trecho de sessão","USHMM, Steven Spielberg Film and Video Archive",https://collections.ushmm.org/search/catalog/irn1001720,Capital Cities Broadcasting Corporation,1961,domínio público (segundo o relatório; não lido daqui),CONFERIR NO MAC: a página do USHMM estava bloqueada; confirmar o texto de direitos da sessão escolhida e a URL do arquivo,CONFERIR NO MAC,"Gravação do julgamento, 1961 · USHMM · domínio público",CONFERIR NO MAC (domínio bloqueado daqui),2026-10-03,prints/julgamento-ushmm-sessao.png (A FAZER NO MAC)
REC-mapa-sanfernando,01-eichmann,"Esquema de San Fernando: estrada com ponto de ônibus, rua Garibaldi de terra, casa, dois carros, relógio (noite e dia)",obra própria do canal (HyperFrames),n/a (gerado por build_hf.py + cenas_hf.py),o canal,2026,obra própria,reconstituição em motion criada para o episódio; mapas de grade sem litoral de terceiros; fontes Courier Prime e Barlow Condensed (OFL 1.1); selo RECONSTITUIÇÃO na tela,não se aplica,RECONSTITUIÇÃO (selo na tela),"agente, 03/10/2026",2026-10-03,não se aplica
REC-linha-do-tempo,01-eichmann,"Linha do tempo 1906–1962 (nascimento, SS, Wannsee, Hungria, fuga, Argentina, captura, julgamento, execução)",obra própria do canal (HyperFrames),n/a (gerado por build_hf.py + cenas_hf.py),o canal,2026,obra própria,reconstituição em motion criada para o episódio; mapas de grade sem litoral de terceiros; fontes Courier Prime e Barlow Condensed (OFL 1.1); selo RECONSTITUIÇÃO na tela,não se aplica,RECONSTITUIÇÃO (selo na tela),"agente, 03/10/2026",2026-10-03,não se aplica
REC-rota-hungria,01-eichmann,Mapa de grade: Budapeste → Auschwitz,obra própria do canal (HyperFrames),n/a (gerado por build_hf.py + cenas_hf.py),o canal,2026,obra própria,reconstituição em motion criada para o episódio; mapas de grade sem litoral de terceiros; fontes Courier Prime e Barlow Condensed (OFL 1.1); selo RECONSTITUIÇÃO na tela,não se aplica,RECONSTITUIÇÃO (selo na tela),"agente, 03/10/2026",2026-10-03,não se aplica
REC-rota-fuga,01-eichmann,Mapa de grade: norte da Alemanha → Gênova → Buenos Aires,obra própria do canal (HyperFrames),n/a (gerado por build_hf.py + cenas_hf.py),o canal,2026,obra própria,reconstituição em motion criada para o episódio; mapas de grade sem litoral de terceiros; fontes Courier Prime e Barlow Condensed (OFL 1.1); selo RECONSTITUIÇÃO na tela,não se aplica,RECONSTITUIÇÃO (selo na tela),"agente, 03/10/2026",2026-10-03,não se aplica
REC-rota-voo,01-eichmann,Mapa de grade: Buenos Aires → Dakar → Lod,obra própria do canal (HyperFrames),n/a (gerado por build_hf.py + cenas_hf.py),o canal,2026,obra própria,reconstituição em motion criada para o episódio; mapas de grade sem litoral de terceiros; fontes Courier Prime e Barlow Condensed (OFL 1.1); selo RECONSTITUIÇÃO na tela,não se aplica,RECONSTITUIÇÃO (selo na tela),"agente, 03/10/2026",2026-10-03,não se aplica
REC-wannsee-datilo,01-eichmann,Cartela datilografada 'WANNSEE · 20 JAN. 1942' (sem reproduzir o documento original),obra própria do canal (HyperFrames),n/a (gerado por build_hf.py + cenas_hf.py),o canal,2026,obra própria,reconstituição em motion criada para o episódio; mapas de grade sem litoral de terceiros; fontes Courier Prime e Barlow Condensed (OFL 1.1); selo RECONSTITUIÇÃO na tela,não se aplica,RECONSTITUIÇÃO (selo na tela),"agente, 03/10/2026",2026-10-03,não se aplica
REC-silhueta-banco,01-eichmann,"Silhuetas sem rosto (Klaus e Sylvia), banco de praça",obra própria do canal (HyperFrames),n/a (gerado por build_hf.py + cenas_hf.py),o canal,2026,obra própria,reconstituição em motion criada para o episódio; mapas de grade sem litoral de terceiros; fontes Courier Prime e Barlow Condensed (OFL 1.1); selo RECONSTITUIÇÃO na tela,não se aplica,RECONSTITUIÇÃO (selo na tela),"agente, 03/10/2026",2026-10-03,não se aplica
REC-bauer-cartela,01-eichmann,"Cartela de nome 'Fritz Bauer, procurador-geral de Hesse' (sem foto: as fotos achadas têm base legal fraca)",obra própria do canal (HyperFrames),n/a (gerado por build_hf.py + cenas_hf.py),o canal,2026,obra própria,reconstituição em motion criada para o episódio; mapas de grade sem litoral de terceiros; fontes Courier Prime e Barlow Condensed (OFL 1.1); selo RECONSTITUIÇÃO na tela,não se aplica,RECONSTITUIÇÃO (selo na tela),"agente, 03/10/2026",2026-10-03,não se aplica
REC-silhueta-flores,01-eichmann,Silhueta sem rosto com buquê diante de uma porta (21/03/1960),obra própria do canal (HyperFrames),n/a (gerado por build_hf.py + cenas_hf.py),o canal,2026,obra própria,reconstituição em motion criada para o episódio; mapas de grade sem litoral de terceiros; fontes Courier Prime e Barlow Condensed (OFL 1.1); selo RECONSTITUIÇÃO na tela,não se aplica,RECONSTITUIÇÃO (selo na tela),"agente, 03/10/2026",2026-10-03,não se aplica
REC-planta-casa,01-eichmann,"Planta esquemática da casa alugada (cômodos genéricos, um ponto âmbar)",obra própria do canal (HyperFrames),n/a (gerado por build_hf.py + cenas_hf.py),o canal,2026,obra própria,reconstituição em motion criada para o episódio; mapas de grade sem litoral de terceiros; fontes Courier Prime e Barlow Condensed (OFL 1.1); selo RECONSTITUIÇÃO na tela,não se aplica,RECONSTITUIÇÃO (selo na tela),"agente, 03/10/2026",2026-10-03,não se aplica
REC-placar-onu,01-eichmann,Placar da votação da Resolução 138: 8 / 0 / 2 (CONFERIR NO MAC os números: F34),obra própria do canal (HyperFrames),n/a (gerado por build_hf.py + cenas_hf.py),o canal,2026,obra própria,reconstituição em motion criada para o episódio; mapas de grade sem litoral de terceiros; fontes Courier Prime e Barlow Condensed (OFL 1.1); selo RECONSTITUIÇÃO na tela,não se aplica,RECONSTITUIÇÃO (selo na tela),"agente, 03/10/2026",2026-10-03,não se aplica
REC-cartela-execucao,01-eichmann,"Cartela só de texto sobre preto: '31 DE MAIO / 1º DE JUNHO DE 1962 · PRISÃO DE RAMLA' (morte contada, nunca mostrada)",obra própria do canal (HyperFrames),n/a (gerado por build_hf.py + cenas_hf.py),o canal,2026,obra própria,reconstituição em motion criada para o episódio; mapas de grade sem litoral de terceiros; fontes Courier Prime e Barlow Condensed (OFL 1.1); selo RECONSTITUIÇÃO na tela,não se aplica,RECONSTITUIÇÃO (selo na tela),"agente, 03/10/2026",2026-10-03,não se aplica
REC-lista-fontes,01-eichmann,Lista de fontes datilografada no fecho,obra própria do canal (HyperFrames),n/a (gerado por build_hf.py + cenas_hf.py),o canal,2026,obra própria,reconstituição em motion criada para o episódio; mapas de grade sem litoral de terceiros; fontes Courier Prime e Barlow Condensed (OFL 1.1); selo RECONSTITUIÇÃO na tela,não se aplica,RECONSTITUIÇÃO (selo na tela),"agente, 03/10/2026",2026-10-03,não se aplica
