grupo,video_id,titulo,views,publicado,pct_30s,studio
top,p9wkMT4RV40,O Brasil deu calote no Tesouro Direto? A verdade dos R$ 100 mil,48558,2026-09-15,,https://studio.youtube.com/video/p9wkMT4RV40/analytics/tab-overview/period-default
top,tpobf1e1OtM,A Crise Já Está Acontecendo (e Só os Espertos Estão Vendo),33147,2025-11-07,,https://studio.youtube.com/video/tpobf1e1OtM/analytics/tab-overview/period-default
top,Fb0l4KEq27o,6 ETFs que MAIS PAGARAM DIVIDENDOS MENSAIS em 2025 e devem continuar em 2026,32545,2026-01-13,,https://studio.youtube.com/video/Fb0l4KEq27o/analytics/tab-overview/period-default
top,JDtxzQthFlk,MORTE DO BITCOIN? O ALERTA QUE O MERCADO NÃO QUER OUVIR,32340,2026-02-05,,https://studio.youtube.com/video/JDtxzQthFlk/analytics/tab-overview/period-default
top,dHYQtxnMSrw,ÚLTIMA CHANCE de GANHAR MUITO DINHEIRO na RENDA FIXA (NTN-B IPCA+7%),31506,2026-01-28,,https://studio.youtube.com/video/dHYQtxnMSrw/analytics/tab-overview/period-default
top,IcN3m7whpl8,"Esse Gráfico Acertou as CRISES 1929, 2008 e 2020… Agora Ele Aponta CRISE 2026",28894,2026-01-29,,https://studio.youtube.com/video/IcN3m7whpl8/analytics/tab-overview/period-default
top,tU5hfeII8Gk,TOP 3 ETFs que PAGAM DIVIDENDOS MENSAIS,27418,2025-09-19,,https://studio.youtube.com/video/tU5hfeII8Gk/analytics/tab-overview/period-default
top,Z-5VgjzigKg,ETF de OPÇÕES TÁ PAGANDO MUITO e MENSALMENTE!,25686,2025-05-26,,https://studio.youtube.com/video/Z-5VgjzigKg/analytics/tab-overview/period-default
top,IB1mBcF00jc,"ETF JEPI39 PAGA DIVIDENDOS MENSAIS, mas vale a pena?",20429,2026-02-26,,https://studio.youtube.com/video/IB1mBcF00jc/analytics/tab-overview/period-default
top,KMIsVEOcaLM,"CUIDADO com Tesouro Direto IPCA+ 8,32% (veja antes do Copom)",20413,2026-06-16,,https://studio.youtube.com/video/KMIsVEOcaLM/analytics/tab-overview/period-default
fraco,qtbczPm6RHY,Fim do IPCA+ 8%? Como intervenção do governo pode afetar seus títulos?,9742,2026-07-20,,https://studio.youtube.com/video/qtbczPm6RHY/analytics/tab-overview/period-default
fraco,Rgfh5HuNdJo,DIVIDENDOS: PLANO para RECEBER 10 MIL REAIS de RENDA PASSIVA,9372,2026-09-11,,https://studio.youtube.com/video/Rgfh5HuNdJo/analytics/tab-overview/period-default
fraco,fwWG6AIP52Q,Se você é JOVEM DEVERIA INVESTIR em AÇÕES | Como investe Nicolas Agnezi?,9103,2026-01-11,,https://studio.youtube.com/video/fwWG6AIP52Q/analytics/tab-overview/period-default
fraco,yHQvEitHtbE,CASA11: Dividendos Mensais dos Fundos Imobiliários Americanos!,8355,2025-06-10,,https://studio.youtube.com/video/yHQvEitHtbE/analytics/tab-overview/period-default
fraco,UA3rJPz7IVk,20 ações prontas para explodir em dividendos – antes do governo morder!,8334,2025-10-31,,https://studio.youtube.com/video/UA3rJPz7IVk/analytics/tab-overview/period-default
fraco,PLwEniRQB5g,5 FUNDOS IMOBILIÁRIOS para APROVEITAR o NOVO CICLO dos FIIs,7866,2025-09-15,,https://studio.youtube.com/video/PLwEniRQB5g/analytics/tab-overview/period-default
fraco,UVAn6jV7ncM,O Que o MERCADO NÃO TE CONTA sobre Investir com Tensões Geopoliticas!,7829,2026-03-12,,https://studio.youtube.com/video/UVAn6jV7ncM/analytics/tab-overview/period-default
fraco,uJqQirEVPbQ,BBAS3: CUIDADO O RESULTADO PODE TE ENGANAR ...,7690,2026-08-14,,https://studio.youtube.com/video/uJqQirEVPbQ/analytics/tab-overview/period-default
fraco,CEkcJHiMhcI,8 Cisnes Negros que Podem te Deixar Rico ou Quebrar em 2026,7529,2025-12-19,,https://studio.youtube.com/video/CEkcJHiMhcI/analytics/tab-overview/period-default
fraco,8xsUtGCE-vI,ACABOU O SONHO? Por que os Fundos Imobiliários não param de cair,7510,2026-05-14,,https://studio.youtube.com/video/8xsUtGCE-vI/analytics/tab-overview/period-default
