data,dia,formato,assunto,titulo,palavra_chave,volume,continuacao_de,angulo,inscritos_esperados,faixa_p25_p75,base_do_esperado,fontes_a_conferir
2026-10-05,seg,short,tesouro e renda fixa,CDB ou LCI: qual rende mais depois do imposto?,CDB ou LCI,"ALTO: Q1WMbZZn2Ik, 57.527 views da Pesquisa (77%)",,Taxa equivalente com a alíquota de IR do prazo.,2.2,2.1–3.1,"tesouro e renda fixa, shorts, 12 meses (n = 5)",Lei 11.033/2004; prazo mínimo de LCI vigente
2026-10-06,ter,longo,renda mensal,ETFs que pagam dividendos mensais na B3: o que mudou em 2026,ETF dividendos mensais,"ALTO: Y4WHQiKcv1g, 26.783 views da Pesquisa (44%)",Fb0l4KEq27o (637 inscritos),"O que aconteceu com cada ETF da lista de 2025 (pagamento real, taxa, patrimônio) e as dúvidas dos comentários.",91.0,69.1–266.6,"renda mensal, longos, 12 meses (n = 7)",B3 (proventos); lâminas dos ETFs
2026-10-07,qua,short,juntar dinheiro e aposentadoria,1 milhão guardando R$ 1.000 por mês: quanto tempo de verdade,juntar 1 milhão,"ALTO: tbKsF2qyakU, 46.026 views da Pesquisa (70%)",,"Com 6% ao ano acima da inflação, ~R$ 535 mil em 22 anos e 1 milhão em ~30. Saiu do longo da v1: como longo, o assunto rende 14 por vídeo; como Short, é o 2º melhor no vitalício e vive de busca.",0.7,0.6–0.8,"juntar dinheiro e aposentadoria, shorts, 12 meses (n = 4)",Selic e IPCA do dia
2026-10-08,qui,longo,tesouro e renda fixa,Tesouro IPCA+ a 7% em janeiro: quanto ganhou ou perdeu quem comprou,Tesouro IPCA+ marcação a mercado,"BAIXO: dHYQtxnMSrw, 2.072 views da Pesquisa (7%)",dHYQtxnMSrw (421),"Prestação de contas do vídeo de janeiro: preço na compra e hoje, cupons, marcação.",195.5,106.2–211.5,"tesouro e renda fixa, longos, 12 meses (n = 5)",Tesouro Direto (histórico)
2026-10-12,seg,short,tesouro e renda fixa,Resgatou o CDB antes de 30 dias? O IOF come o rendimento,IOF CDB 30 dias,MÉDIO: pergunta repetida nos comentários do Short _WHHib_xvJ4 (59% das views pela Pesquisa),,Tabela regressiva do IOF em 40 s.,2.2,2.1–3.1,"tesouro e renda fixa, shorts, 12 meses (n = 5)",Decreto 6.306/2007
2026-10-13,ter,longo,renda mensal,Ações que pagam dividendos todo mês? Como montar um calendário de proventos,ações que pagam dividendos todo mês,"ALTO: TY8oLvUt2Qg, 49% das views pela Pesquisa",TY8oLvUt2Qg (324),"'Todo mês' é calendário, não promessa: data com, pagamento e por que o valor varia. Sem lista de compra.",91.0,69.1–266.6,"renda mensal, longos, 12 meses (n = 7)","B3 (eventos corporativos); JCP 17,5% (LC 224/2025)"
2026-10-14,qua,short,tesouro e renda fixa,"Tesouro IPCA+ negativo? Calma, isso tem nome",Tesouro IPCA+ caiu,BAIXO: vídeos de IPCA+ do canal têm de 1% a 9% das views pela Pesquisa,,Marcação a mercado em 40 s; corte do longo de 08/10.,2.2,2.1–3.1,"tesouro e renda fixa, shorts, 12 meses (n = 5)",Tesouro Direto
2026-10-15,qui,longo,crise e macro,"O gráfico que 'acertou' as crises de 1929, 2008 e 2020: 9 meses depois",sinal de crise 2026,"BAIXO: IcN3m7whpl8, 1.161 views da Pesquisa (4%)",IcN3m7whpl8 (357),"Revisão honesta do indicador: o que marcava, o que marca, alarmes falsos.",51.7,17.4–75.5,"crise e macro, longos, 12 meses (n = 12)",Série do indicador original
2026-10-19,seg,short,imposto e regras,FII é isento de imposto? Só se cumprir estas 3 regras,FII isento de imposto,"MÉDIO: vídeos de FII do canal, 35.246 views da Pesquisa (14%)",,"Lei 14.754/2023: 100 cotistas ou mais, cotas em bolsa e menos de 10% das cotas; ganho na venda paga 20%.",4.1,2.7–4.9,"imposto e regras, shorts, vitalício (n = 11)",Lei 14.754/2023; Lei 8.668/1993
2026-10-20,ter,longo,renda mensal,ETF que paga todo mês com opções: de onde vem o dinheiro e do que você abre mão,ETF opções cobertas dividendos mensais,"BAIXO: IB1mBcF00jc, 1.126 views da Pesquisa (5,5%)",IB1mBcF00jc (131),"Mecânica das opções cobertas, renda alta e alta limitada, comparada com ETF de dividendos comum.",91.0,69.1–266.6,"renda mensal, longos, 12 meses (n = 7)",Regulamento do ETF/BDR
2026-10-21,qua,short,comportamento e família,Casal que investe junto: a conversa que vem antes do dinheiro,casal finanças,BAIXO: sem vídeo de busca; é o assunto de Short com mais inscritos por vídeo em 12 meses,,Uma pergunta para fazer antes de investir a dois.,3.6,1.8–7.0,"comportamento e família, shorts, 12 meses (n = 15)",—
2026-10-22,qui,longo,tesouro e renda fixa,CDB ou LCI em 2026: a conta que decide (com imposto e prazo),CDB ou LCI,"ALTO: Q1WMbZZn2Ik, 57.527 views da Pesquisa (77%)",,"Taxa equivalente, carência mínima, liquidez e FGC; responde '80 mil em LCI por 12 meses?' sem recomendar.",195.5,106.2–211.5,"tesouro e renda fixa, longos, 12 meses (n = 5)",Lei 11.033/2004; resolução do CMN sobre prazos; fgc.org.br
2026-10-26,seg,short,tesouro e renda fixa,FGC: o que cobre e o que não cobre,FGC,"MÉDIO: FC-eKTK3ozE, 3.247 views da Pesquisa (36%)",,"R$ 250 mil por CPF por instituição, teto de R$ 1 milhão a cada 4 anos; não cobre Tesouro, fundos e ações.",2.2,2.1–3.1,"tesouro e renda fixa, shorts, 12 meses (n = 5)",fgc.org.br
2026-10-27,ter,longo,renda mensal,"Renda mensal: ETF de dividendos ou fundo imobiliário, o que sobra depois do imposto",ETF ou FII renda mensal,MÉDIO: vídeos de dividendos mensais com 14% a 44% das views pela Pesquisa,lwV6tbkk4Cw (93),"Comparar como cada um paga, a tributação de cada um em 2026 e a volatilidade da renda.",91.0,69.1–266.6,"renda mensal, longos, 12 meses (n = 7)",Lei 14.754/2023; regulamentos
2026-10-28,qua,short,tesouro e renda fixa,Quanto rende R$ 1.000 no Tesouro Selic hoje,quanto rende 1000 tesouro selic,"MÉDIO: Kwf4IvhOb9s ('quanto rende R$ 1.000'), 2.748 views da Pesquisa (16%)",,A conta líquida de IR em 30 s.,2.2,2.1–3.1,"tesouro e renda fixa, shorts, 12 meses (n = 5)",Taxa do Tesouro Selic do dia
2026-10-29,qui,longo,crise e macro,Os sinais de crise de novembro de 2025: o que aconteceu com cada um,crise 2026,"BAIXO: tpobf1e1OtM, 624 views da Pesquisa (2%)",tpobf1e1OtM (345),"Cada sinal do vídeo original com o dado de hoje, sem repetir o alarme.",51.7,17.4–75.5,"crise e macro, longos, 12 meses (n = 12)","BCB/SGS, IBGE, FRED"
2026-10-31,sáb,longo,cripto,ETF de bitcoin na B3: como funciona e quanto custa,ETF de bitcoin,"MÉDIO: vídeos de bitcoin do canal, 268.961 views da Pesquisa (55%), quase todas antigas",eZE1d_CHlPU (101),"Como o ETF replica o bitcoin, taxa, imposto e diferença para a cripto direta. Sem indicar compra.",58.3,35.4–117.2,"cripto, longos, 12 meses (n = 4)",Regulamentos; regra de IR de ETF
2026-11-02,seg,short,imposto e regras,"JCP em 2026: já vem com 17,5% de imposto",JCP imposto,"BAIXO: 3sfCQWv2kIQ, 962 views da Pesquisa (4%)",,"Saiu do longo da v1: imposto rende 16 por longo. O JCP é retido na fonte com 17,5% (LC 224/2025).",4.1,2.7–4.9,"imposto e regras, shorts, vitalício (n = 11)",LC 224/2025
2026-11-03,ter,longo,renda mensal,"Quanto investir para receber R$ 1.000 por mês: Tesouro, FII e ETF lado a lado",quanto investir para ter renda de 1000 por mês,MÉDIO: sem vídeo igual; 'juntar 1 milhão' tem 70% a 81% das views pela busca,,"Capital necessário em três classes, líquido de imposto. Sem indicar ativos.",91.0,69.1–266.6,"renda mensal, longos, 12 meses (n = 7)",Taxas do Tesouro; IFIX; regras de IR
2026-11-04,qua,short,tesouro e renda fixa,Copom hoje: 3 números para olhar no seu Tesouro,Copom hoje,"MÉDIO: vídeos de Copom/Selic do canal, 11.321 views da Pesquisa (9%)",KMIsVEOcaLM (246),"Pré-decisão: taxa do IPCA+, do prefixado e a Selic esperada.",2.2,2.1–3.1,"tesouro e renda fixa, shorts, 12 meses (n = 5)",Taxas do Tesouro do dia
2026-11-05,qui,longo,tesouro e renda fixa,Copom de novembro: o que a decisão muda no Tesouro IPCA+ e no prefixado,Copom novembro 2026,"MÉDIO: vídeos de Copom/Selic, 11.321 views da Pesquisa (9%)",KMIsVEOcaLM (246) e tb0nwpl9mFw (142),"Dia seguinte à decisão de 04/11: comunicado, reação das taxas em 24 h.",195.5,106.2–211.5,"tesouro e renda fixa, longos, 12 meses (n = 5)",Comunicado do Copom (bcb.gov.br); data: conferir em bcb.gov.br/controleinflacao/calendarioreunioescopom
2026-11-07,sáb,longo,ações e empresas,A empresa que torrou meio bilhão recomprando ações: o que aconteceu depois,recompra de ações,"BAIXO: GpdXuQipVaQ, sem dado de Pesquisa","GpdXuQipVaQ (115, o melhor de ações do ano)","Caso real de alocação de capital: por que importa para o acionista. Educativo, sem recomendação.",30.3,21.6–40.9,"ações e empresas, longos, 12 meses (n = 28)",Fatos relevantes e demonstrações da empresa (CVM)
2026-11-09,seg,short,imposto e regras,Imposto sobre dividendos acima de R$ 50 mil por mês: quem paga,imposto dividendos 2026,"BAIXO: qnWje5V23Ps, 521 views da Pesquisa (5%)",,Retenção de 10% só acima de R$ 50 mil por mês da mesma empresa (Lei 15.270/2025).,4.1,2.7–4.9,"imposto e regras, shorts, vitalício (n = 11)",Lei 15.270/2025
2026-11-10,ter,longo,renda mensal,Renda mensal com Tesouro: títulos com juros semestrais e o Tesouro RendA+,Tesouro renda mensal,"MÉDIO: Tesouro tem de 7% a 16% das views pela Pesquisa; renda mensal, de 19% a 49%",,"Como transformar o Tesouro em renda (cupons, RendA+), com a conta do imposto.",91.0,69.1–266.6,"renda mensal, longos, 12 meses (n = 7)",Tesouro Direto (regras dos títulos)
2026-11-11,qua,short,FII,FII ou aluguel: quanto rende R$ 100 mil em cada um,FII ou imóvel,"MÉDIO: FII vive de Pesquisa nos Shorts (49%, vitalício)",,A conta simples do rendimento líquido.,7.6,5.7–11.3,"FII, shorts, vitalício (n = 30)",IFIX; índice de aluguel (FipeZap)
2026-11-12,qui,longo,FII,Fundo imobiliário ou imóvel alugado: a conta de 2026,FII ou imóvel,"MÉDIO: vídeos de FII, 35.246 views da Pesquisa (14%)",Gjw4crGh6Xg (92),"Rendimento, custo, vacância, imposto e liquidez lado a lado.",45.3,26.1–55.9,"FII, longos, 12 meses (n = 6)",IFIX (B3); FipeZap; Lei 14.754/2023
2026-11-14,sáb,longo,commodities,"Cobre, um ano depois: o que aconteceu com o preço e por que importa",cobre,"MÉDIO: lt2LWbwu3mc, 2.346 views da Pesquisa (15%)",lt2LWbwu3mc (255),"TESTE: commodities tem n = 1; o ranking não sustenta, mas o original foi o 3º melhor do ano em conversão.",42.4,23.0–69.2,"commodities, longos, todos os longos (12 meses) (n = 80)",LME/CME; IEA
2026-11-16,seg,short,comportamento e família,Perfil de investidor: 3 perguntas antes de investir,perfil de investidor,"BAIXO: Short 'Perfil de investidor' (15 inscritos, 12 mil views intencionais)",,"As perguntas de prazo, objetivo e tolerância a queda.",3.6,1.8–7.0,"comportamento e família, shorts, 12 meses (n = 15)",—
2026-11-17,ter,longo,renda mensal,ETF de dividendos mensais: quanto a taxa de administração tira da sua renda,taxa de administração ETF,BAIXO: sem vídeo do canal com essa palavra,,"A conta de 10 anos com taxas diferentes; responde 'essa taxa de 1,50 é alta?'.",91.0,69.1–266.6,"renda mensal, longos, 12 meses (n = 7)",Lâminas dos ETFs
2026-11-18,qua,short,juntar dinheiro e aposentadoria,Juros compostos: por que 1 centavo dobrando todo dia não existe,juros compostos,ALTO: Shorts de juntar dinheiro vivem de busca (33% vitalício); responde 194 comentários,,A conta do 2³⁰ e a do mundo real.,0.7,0.6–0.8,"juntar dinheiro e aposentadoria, shorts, 12 meses (n = 4)",—
2026-11-19,qui,longo,cripto,Bitcoin depois do 'alerta': o que mudou desde fevereiro,bitcoin caiu,"MÉDIO: vídeos de bitcoin, 55% das views pela Pesquisa (antigos); JDtxzQthFlk: 2%",JDtxzQthFlk (224),Os argumentos de fevereiro com os dados de hoje; 'posso perder mais do que investi?'.,58.3,35.4–117.2,"cripto, longos, 12 meses (n = 4)",Preço do BTC; regra de declaração (Receita)
2026-11-21,sáb,longo,crise e macro,Bolha de inteligência artificial: o que os números dizem hoje,bolha IA,BAIXO: vídeos de crise com 2% a 6% das views pela Pesquisa,PWotyrtMXBs (84),"Lucros, investimento e preço das empresas de IA, sem prever topo.",51.7,17.4–75.5,"crise e macro, longos, 12 meses (n = 12)",Resultados trimestrais; FRED
2026-11-23,seg,short,tesouro e renda fixa,Reserva de emergência: onde deixar e onde não deixar,reserva de emergência,BAIXO: mZ6ohk9JCVY sem dado de Pesquisa (fora do top 300),,"Liquidez diária, perto de 100% do CDI e FGC.",2.2,2.1–3.1,"tesouro e renda fixa, shorts, 12 meses (n = 5)",fgc.org.br
2026-11-24,ter,longo,renda mensal,Selic caindo: o que acontece com a sua renda mensal,renda mensal Selic,BAIXO: sem vídeo igual,,"O que muda nos dividendos, nos FIIs e na renda fixa quando o juro cai, com histórico.",91.0,69.1–266.6,"renda mensal, longos, 12 meses (n = 7)",BCB (Selic histórica); IFIX
2026-11-25,qua,short,ETF e exterior,Taxa de administração do ETF: quanto tira em 10 anos,taxa ETF,BAIXO: ETF e exterior nos Shorts: 24% das views pela Pesquisa (vitalício),,"0,5% contra 1,5% ao ano em 10 anos; corte do longo de 17/11.",4.3,2.8–7.5,"ETF e exterior, shorts, vitalício (n = 12)",Lâminas
2026-11-26,qui,longo,FII,Fundos imobiliários caíram em 2026: o que aconteceu com a renda deles,fundos imobiliários caíram,"MÉDIO: vídeos de FII, 14% das views pela Pesquisa",8xsUtGCE-vI ('ACABOU O SONHO?'),Cotas × rendimentos distribuídos: o que caiu e o que não caiu.,45.3,26.1–55.9,"FII, longos, 12 meses (n = 6)",IFIX; relatórios gerenciais
2026-11-28,sáb,longo,tesouro e renda fixa,"Reserva de emergência em 2026: Tesouro Selic, CDB ou conta remunerada",reserva de emergência,"BAIXO: mZ6ohk9JCVY, fora do top 300 de tráfego",,"A conta líquida de cada opção, liquidez e FGC. Sem indicar instituição.",195.5,106.2–211.5,"tesouro e renda fixa, longos, 12 meses (n = 5)",Taxas do dia; fgc.org.br
