data,dia,formato,serie,continuacao_de,tema,titulo,palavra_chave,volume,base_do_volume,angulo,por_que,fontes_a_conferir
2026-10-06,terça,longo (15-20 min),Renda mensal #1 (ação 3),Fb0l4KEq27o (6 ETFs que mais pagaram dividendos mensais em 2025; 637 inscritos),ETFs que pagam todo mês,ETFs que pagam dividendos mensais na B3: o que mudou em 2026,ETF dividendos mensais,ALTO,Y4WHQiKcv1g (ETFs que pagam mensalmente na B3): 26.783 views da Pesquisa (44%); QjiF99_cINk: 11.812 (14%); OSNXkhCSDb0: 9.859 (23%),"Não repetir a lista de 2025: mostrar o que aconteceu com cada ETF daquela lista em 2026 (frequência real de pagamento, rendimento dos últimos 12 meses, taxa de administração, patrimônio) e responder as 3 dúvidas que mais aparecem nos comentários: taxa, imposto na venda e se precisa declarar.","Renda mensal converte 14,5 inscritos por mil views intencionais contra 8,2 do resto (n = 6); o original foi o vídeo do ano com mais inscritos (637).",B3 (lista de ETFs listados e histórico de proventos); regulamento e lâmina de cada ETF (taxa de administração e política de distribuição); regra de IR de ETF na venda.
2026-10-08,quinta,longo,Continuação do top (ação 5),"dHYQtxnMSrw (NTN-B IPCA+7%, jan/26; 421 inscritos)",Tesouro IPCA+ e marcação a mercado,Tesouro IPCA+ a 7% em janeiro: quanto ganhou ou perdeu quem comprou,Tesouro IPCA+ marcação a mercado,BAIXO,dHYQtxnMSrw: 2.072 views da Pesquisa (7%); KMIsVEOcaLM: 1.791 (9%). Vive de Navegação.,"Prestação de contas do vídeo de janeiro: preço do título na compra e hoje, cupons, o que a marcação fez com quem vendeu antes e com quem segura até o vencimento.","Tesouro/IPCA+ tem mediana de 142 inscritos por vídeo (n = 5) e 11,0 por mil views intencionais; o original fez 421.",Tesouro Direto (preços e taxas históricos do título usado no vídeo); simulador do Tesouro; IPCA acumulado (IBGE).
2026-10-13,terça,longo,Renda mensal #2 (ação 3),"TY8oLvUt2Qg (Receba dividendos todos os meses de ações; 324 inscritos, 49% das views pela busca)",Calendário de dividendos com ações,Ações que pagam dividendos todo mês? Como montar um calendário de proventos,ações que pagam dividendos todo mês,ALTO,TY8oLvUt2Qg: 49% das views vieram da Pesquisa (9.095 views),"Mostrar que 'todo mês' é calendário, não promessa: em que meses cada setor costuma pagar, data com e data de pagamento, e por que o valor varia. Sem lista de compra: o espectador monta o calendário com os dados públicos.","Original converteu 18,0 inscritos por mil views intencionais (o 2º melhor entre os 10 top do ano) e é o vídeo recente mais buscado do canal.","B3 (eventos corporativos: data com e pagamento dos últimos 12 meses); regra do JCP em 2026 (17,5%, LC 224/2025)."
2026-10-15,quinta,longo,Continuação do top (ação 5),"IcN3m7whpl8 (O gráfico que acertou as crises de 1929, 2008 e 2020; 357 inscritos)","Indicador de crise, revisado","O gráfico que 'acertou' 1929, 2008 e 2020: 9 meses depois, o que ele mostrou",sinal de crise 2026,BAIXO,IcN3m7whpl8: 1.161 views da Pesquisa (4%); tpobf1e1OtM: 624 (2%). Vídeos de crise vivem de Navegação.,"Revisão honesta: o que o indicador marcava em janeiro, o que marca hoje, o que aconteceu com a bolsa e os juros no período e quantas vezes ele deu alarme falso na história.","Original: 357 inscritos e 12,4 por mil views intencionais; continuação aproveita a demanda provada (top 10 = 58% dos inscritos dos longos do ano).",A série do indicador usado no vídeo original (conferir qual é e a fonte); Ibovespa e S&P 500 no período.
2026-10-20,terça,longo,Renda mensal #3 (ação 3),IB1mBcF00jc (ETF JEPI39 paga dividendos mensais; 131 inscritos),ETF de opções cobertas,ETF que paga todo mês com opções: de onde vem o dinheiro e do que você abre mão,ETF opções cobertas dividendos mensais,BAIXO,"IB1mBcF00jc: 1.126 views da Pesquisa (5,5%)","Explicar a mecânica (venda de opções cobertas), por que a renda é alta e o ganho de alta fica limitado, e comparar com um ETF de dividendos comum. Sem indicar compra.","Linha de renda mensal (14,5 por mil views intencionais); pergunta repetida nos comentários: 'essa taxa é alta?' e 'posso perder mais do que investi?'.",Regulamento/prospecto do ETF e do BDR; histórico de distribuições; regra de IR de BDR de ETF.
2026-10-22,quinta,longo,Busca (ação 8),,CDB × LCI,CDB ou LCI em 2026: a conta que decide (com imposto e prazo),CDB ou LCI,ALTO,Q1WMbZZn2Ik (Short 'O que rende mais CDB ou LCI/LCA?'): 57.527 views da Pesquisa (77%),"A conta da taxa equivalente (LCI isenta × CDB com IR regressivo), a carência mínima, a liquidez e o FGC; responder a pergunta '80 mil em LCI por 12 meses?' sem recomendar produto.","45 perguntas sem resposta sobre rendimento; a busca é a origem com maior CTR nos longos (12,3% contra 7,2% da Navegação).",Lei 11.033/2004 (tabela regressiva e isenção de LCI/LCA); resolução do CMN sobre prazos mínimos de LCI/LCA (conferir a vigente); regras do FGC (fgc.org.br).
2026-10-27,terça,longo,Renda mensal #4 (ação 3),,FII e imposto,FII isento de imposto? A regra dos 100 cotistas e o que muda para você,FII isento de imposto,MÉDIO,Vídeos de FII do canal: 35.246 views da Pesquisa somadas (14% das views deles),"Quando o rendimento mensal do FII é isento para pessoa física (Lei 14.754/2023: 100 cotistas, cotas em bolsa, menos de 10%), por que o ganho na venda paga 20% e como conferir isso no relatório do fundo.","Plano de renda converteu 11,7 inscritos por mil views nos últimos 12 meses; pergunta sem resposta sobre ganho de capital em FII.",Lei 14.754/2023 e Lei 8.668/1993 (art. 3º); Receita Federal (Perguntas e Respostas IRPF 2026).
2026-10-29,quinta,longo,Continuação do top (ação 5),tpobf1e1OtM (A crise já está acontecendo; 345 inscritos),"Sinais de crise, revisados",Os sinais de crise de novembro de 2025: o que aconteceu com cada um,crise 2026,BAIXO,tpobf1e1OtM: 624 views da Pesquisa (2%),"Pegar cada sinal citado no vídeo original e mostrar o dado de hoje, sem repetir o alarme: o que confirmou, o que não confirmou e o que fazer com a reserva enquanto isso.","Original: 345 inscritos (4º do ano), 10,4 por mil views intencionais.","Os dados de cada sinal do vídeo original (BCB/SGS, IBGE, Fed/FRED)."
2026-11-03,terça,longo,Renda mensal #5 (ação 3),,Quanto investir para ter renda mensal,"Quanto investir para receber R$ 1.000 por mês: Tesouro, FII e ETF lado a lado",quanto investir para ter renda de 1000 por mês,MÉDIO,"Sem vídeo com a mesma palavra; os mais próximos ('juntar 1 milhão') têm 70% a 81% das views pela busca, mas 'renda passiva' tem só 505 (2,9%). Fica no meio.","A conta do capital necessário em três classes, com rendimento líquido de imposto e o que acontece com a renda se a inflação ou a Selic mudarem. Sem indicar ativos.","Plano de renda é o tema com mais inscritos por mil views nos últimos 12 meses (11,7).","Taxas do Tesouro Direto do dia; IFIX e dividend yield médio (B3); regras de IR (JCP 17,5%; FII; ETF)."
2026-11-05,quinta,longo,Copom (ação 4),KMIsVEOcaLM (Tesouro IPCA+ antes do Copom; 246) e tb0nwpl9mFw (Não invista no Tesouro sem saber disso; 142),Decisão do Copom de 03-04/11,Copom de novembro: o que a decisão muda no Tesouro IPCA+ e no prefixado,Copom novembro 2026,MÉDIO,Vídeos de Copom/Selic do canal: 11.321 views da Pesquisa (9%); Kwf4IvhOb9s (quanto rende com a Selic): 2.748 (16%),"Sai no dia seguinte à decisão (quarta, 04/11): o que o comunicado disse, como as taxas do Tesouro reagiram em 24 h e o que isso faz com quem tem IPCA+, prefixado e Selic.","Tesouro/IPCA+: mediana de 142 inscritos por vídeo (n = 5), 11,0 por mil views intencionais.",Comunicado do Copom de 04/11 (bcb.gov.br); taxas do Tesouro Direto de 04 e 05/11; Boletim Focus. Data da reunião: conferir em bcb.gov.br/controleinflacao/calendarioreunioescopom.
2026-11-10,terça,longo,Renda mensal #6 (ação 3),,JCP e imposto em 2026,"JCP com 17,5% de imposto: quanto sobra do provento em 2026",JCP imposto 2026,BAIXO,3sfCQWv2kIQ (dividendos e JCP vão acabar?): 962 views da Pesquisa (4%); qnWje5V23Ps (dividendos tributados): 521 (5%),"O que é JCP, por que a empresa paga, a alíquota de 17,5% (LC 224/2025) e a diferença para o dividendo; quando o dividendo passa a ter retenção (acima de R$ 50 mil por mês da mesma empresa, Lei 15.270/2025).","Renda mensal; 37 perguntas sem resposta sobre imposto e declaração nos comentários, com pedidos explícitos de vídeo.",LC 224/2025; Lei 15.270/2025; Receita Federal.
2026-11-12,quinta,longo,Continuação do top (ação 5),lt2LWbwu3mc (O cobre é o novo petróleo?; 255 inscritos),"Cobre, um ano depois","Cobre, um ano depois: o que aconteceu com o preço e por que importa para a bolsa",cobre,MÉDIO,lt2LWbwu3mc: 2.346 views da Pesquisa (15%),"Revisar a tese de outubro de 2025 com o preço e a demanda de hoje (energia, data centers), e explicar como o investidor brasileiro fica exposto ao tema, sem indicar ativo.","Original: 16,7 inscritos por mil views intencionais (3º melhor do ano).",Preço do cobre (LME/CME); relatórios da IEA ou do USGS sobre demanda.
2026-11-17,terça,longo,Renda mensal #7 (ação 3),,Custo do ETF de renda,ETF de dividendos mensais: quanto a taxa de administração tira da sua renda,taxa de administração ETF,BAIXO,"Sem vídeo do canal com essa palavra; a dúvida aparece nos comentários de Y4WHQiKcv1g ('essa taxa de 1,50 é alta?')","A conta de 10 anos com taxas diferentes, onde a taxa aparece (no preço, não na corretagem) e o que mais pesa na venda (IR sobre o ganho).","Pergunta sem resposta em vídeos de ETF; renda mensal converte 14,5 por mil views intencionais.",Lâminas e regulamentos dos ETFs; B3 (emolumentos).
2026-11-19,quinta,longo,Continuação do top (ação 5),JDtxzQthFlk (Morte do bitcoin?; 224 inscritos),"Bitcoin, revisado",Bitcoin depois do 'alerta': o que mudou desde fevereiro (e o que não mudou),bitcoin caiu,MÉDIO,"Vídeos de bitcoin do canal: 268.961 views da Pesquisa (55%), quase todas de vídeos antigos; JDtxzQthFlk: 753 (2%)","Revisar os argumentos do vídeo de fevereiro com os dados de hoje e responder as perguntas dos comentários: 'posso perder mais do que investi?', 'preciso declarar?'.","Original: 224 inscritos, 32 mil views intencionais (alcance alto, conversão 6,9 por mil).",Preço e volatilidade do BTC; regra de declaração de criptoativos da Receita (conferir valor mínimo vigente).
2026-11-24,terça,longo,Renda mensal #8 (ação 3),,Declarar a renda mensal,Recebi dividendos e rendimentos todo mês: como declarar no IR 2027,como declarar dividendos imposto de renda,MÉDIO,Vídeos de imposto de renda do canal: 10.317 views da Pesquisa (31% das views deles),"Onde entra cada provento (isentos, tributação exclusiva, JCP), o informe de rendimentos e os erros comuns; prepara o público para a temporada de IR.","Pedidos explícitos nos comentários ('faz um vídeo explicando como declarar do zero', 24 likes).",Receita Federal: Perguntas e Respostas IRPF (versão vigente); LC 224/2025; Lei 15.270/2025; Lei 14.754/2023.
2026-11-26,quinta,longo,Busca (ação 8),,Juros compostos com a conta certa,Quanto tempo para juntar 1 milhão guardando R$ 1.000 por mês (a conta honesta),juntar 1 milhão,ALTO,tbKsF2qyakU: 46.026 views da Pesquisa (70%); wYb9_xSNFV8: 34.237 (81%),"A conta com juro real (6% ao ano: ~R$ 535 mil em 22 anos; 1 milhão em ~30 anos) e nominal (10% ao ano: ~23 anos), o efeito da inflação e do imposto. Responde quem disse nos comentários que 'demora 80 anos' e os 194 comentários de dúvida sobre o Short do 1 centavo.",Palavra-chave mais buscada do canal fora de bancos; 101 perguntas sem resposta sobre começar e juros compostos.,"Selic e IPCA atuais (BCB, IBGE); tabela regressiva de IR (Lei 11.033/2004)."
