data,dia,formato,assunto,assunto_pelo_titulo,titulo,status_titulo,serie_ep,origem,termo_busca,views_pesquisa_6m,views_pesquisa_vitalicio,demanda,continuacao_de,angulo,inscritos_esperados,faixa_p25_p75,base_do_esperado,fontes_a_conferir
2026-10-05,seg,short,tesouro e renda fixa,tesouro e renda fixa,LCI e LCA ou CDB: qual rende mais depois do imposto?,definido no v2,,v2,o que é lci e lca,1.091,8488,14 termos da família. 8.488 views da Pesquisa no vitalício (sobretudo em Q1WMbZZn2Ik); 6 meses: 1.091,,Taxa equivalente com a alíquota de IR do prazo.,2.2,2.1–3.1,"tesouro e renda fixa, shorts, 12 meses (n = 5) · ESTIMATIVA",Lei 11.033/2004; prazo mínimo de LCI vigente
2026-10-06,ter,longo,FII,FII,Fundo imobiliário ou imóvel alugado: a conta de 2026,definido no v2,,v2 (puxada de 12/11 para a vaga de 06/10),fundo imobiliario,167,7643,30 termos da família. 7.643 views da Pesquisa no vitalício (sobretudo em kipRQb0ksus); 6 meses: 167,Gjw4crGh6Xg (92),"Rendimento, custo, vacância, imposto e liquidez lado a lado.",45.3,26.1–55.9,"FII, longos, 12 meses (n = 6) · ESTIMATIVA",IFIX (B3); FipeZap; Lei 14.754/2023
2026-10-07,qua,short,renda mensal,outros,Recebeu 1% ao mês e a cota caiu 1%: quanto ganhou?,provisório (empacotador + teste A/B),Ep. 1 (Short),série de renda mensal,,,,sem termo associado (Short de alcance),Fb0l4KEq27o (637); trocar o link pelo Ep. 1 em 14/10,Short pré-estreia do Ep. 1: a conta do retorno total em 40 s.,1.6,0.9–3.3,"renda mensal, shorts, todos os shorts (12 meses) (n = 81) · ESTIMATIVA",IPCA 12 meses (SGS 13522)
2026-10-08,qui,longo,tesouro e renda fixa,tesouro e renda fixa,Tesouro IPCA+ a 7% em janeiro: quanto ganhou quem comprou,definido no v2,,v2,tesouro ipca,1.009,26,32 termos da família. 26 views da Pesquisa no vitalício (sobretudo em KMIsVEOcaLM); 6 meses: 1.009,dHYQtxnMSrw (421),"Prestação de contas do vídeo de janeiro: preço na compra e hoje, cupons, marcação.",195.5,106.2–211.5,"tesouro e renda fixa, longos, 12 meses (n = 5) · ESTIMATIVA",Tesouro Direto (histórico)
2026-10-12,seg,short,tesouro e renda fixa,tesouro e renda fixa,Resgatou o CDB antes de 30 dias? O IOF come o rendimento,definido no v2,,v2,,,,sem termo associado (Short de alcance),,Tabela regressiva do IOF em 40 s.,2.2,2.1–3.1,"tesouro e renda fixa, shorts, 12 meses (n = 5) · ESTIMATIVA",Decreto 6.306/2007
2026-10-13,ter,longo,renda mensal,renda mensal,Dividendos mensais com ações: como montar um calendário,definido no v2,,v2,dividendos mensais,339,4558,7 termos da família. 4.558 views da Pesquisa no vitalício (sobretudo em Y4WHQiKcv1g); 6 meses: 339,TY8oLvUt2Qg (324),"'Todo mês' é calendário, não promessa: data com, pagamento e por que o valor varia. Sem lista de compra.",91.0,69.1–266.6,"renda mensal, longos, 12 meses (n = 7) · ESTIMATIVA","B3 (eventos corporativos); JCP 17,5% (LC 224/2025)"
2026-10-14,qua,longo,renda mensal,renda mensal,ETF que paga dividendos mensais: a renda saiu da cota?,provisório (empacotador + teste A/B),Ep. 1,série de renda mensal,etfs que pagam dividendos mensais,331,4558,6 termos da família. 4.558 views da Pesquisa no vitalício (sobretudo em Y4WHQiKcv1g); 6 meses: 331,Fb0l4KEq27o (637) e c9Obo6F5_NU,"Ep. 1: retorno total = cota + rendimentos; o passo a passo para refazer com o histórico da B3, sem lista de ETFs.",91.0,69.1–266.6,"renda mensal, longos, 12 meses (n = 7) · ESTIMATIVA",SGS 13522 (IPCA 12 meses); B3 (séries históricas e eventos corporativos); regras de 2026 da série (LC 224/2025; Lei 14.754/2023; Lei 15.270/2025; Res. CMN 5.215; fgc.org.br; Lei 11.033/2004)
2026-10-14,qua,short,tesouro e renda fixa,tesouro e renda fixa,"Tesouro IPCA+ negativo? Calma, isso tem nome",definido no v2,,v2,,,,sem termo associado (Short de alcance),,Marcação a mercado em 40 s; corte do longo de 08/10.,2.2,2.1–3.1,"tesouro e renda fixa, shorts, 12 meses (n = 5) · ESTIMATIVA",Tesouro Direto
2026-10-15,qui,longo,crise e macro,crise e macro,"Crise financeira: o gráfico de 1929, 2008 e 2020, hoje",definido no v2,,v2,crise financeira,3,2538,15 termos da família. 2.538 views da Pesquisa no vitalício (sobretudo em PoY4WqA1k5Q); 6 meses: 3,IcN3m7whpl8 (357),"Revisão honesta do indicador: o que marcava, o que marca, alarmes falsos. Inclui os sinais do vídeo de novembro de 2025 (tpobf1e1OtM), que perdeu a pauta própria por falta de busca.",51.7,17.4–75.5,"crise e macro, longos, 12 meses (n = 12) · ESTIMATIVA",Série do indicador original
2026-10-19,seg,short,imposto e regras,imposto e regras,FII é isento de imposto? Só se cumprir estas 3 regras,definido no v2,,v2,,,,sem termo associado (Short de alcance),,"Lei 14.754/2023: 100 cotistas ou mais, cotas em bolsa e menos de 10% das cotas; ganho na venda paga 20%.",4.1,2.7–4.9,"imposto e regras, shorts, vitalício (n = 11) · ESTIMATIVA",Lei 14.754/2023; Lei 8.668/1993
2026-10-20,ter,longo,renda mensal,renda mensal,ETF de dividendos mensais com opções: de onde vem a renda,definido no v2,,v2 (título ou ângulo ajustado ao Ep. 1),etf dividendos mensais,425,9538,18 termos da família. 9.538 views da Pesquisa no vitalício (sobretudo em Y4WHQiKcv1g); 6 meses: 425,IB1mBcF00jc (131),"Mecânica das opções cobertas, renda alta e alta limitada, comparada com ETF de dividendos comum. Guardrail do Ep. 1: a mecânica das opções cobertas é deste vídeo; o Ep. 1 só a cita em uma frase.",91.0,69.1–266.6,"renda mensal, longos, 12 meses (n = 7) · ESTIMATIVA",Regulamento do ETF/BDR
2026-10-21,qua,longo,renda mensal,ações e empresas,Dividendos altos demais: 4 contas antes de confiar na renda,provisório (empacotador + teste A/B),Ep. 2,série de renda mensal,dividendos,117,41,2 termos da família. 41 views da Pesquisa no vitalício (sobretudo em GpdXuQipVaQ); 6 meses: 117,TY8oLvUt2Qg (324),"Ep. 2: efeito preço, payout, lucro que não se repete e histórico de 5 anos; exemplos hipotéticos.",91.0,69.1–266.6,"renda mensal, longos, 12 meses (n = 7) · ESTIMATIVA","RAD da CVM e RI, se usar empresa real; regras de 2026 da série (LC 224/2025; Lei 14.754/2023; Lei 15.270/2025; Res. CMN 5.215; fgc.org.br; Lei 11.033/2004)"
2026-10-21,qua,short,renda mensal,ações e empresas,O dividend yield dobrou e a empresa não pagou nada a mais,provisório (empacotador + teste A/B),Ep. 2 (Short),série de renda mensal,,,,sem termo associado (Short de alcance),Ep. 2 (mesmo dia),"Short do Ep. 2: a conta do efeito preço em 35 s, publicado depois do longo.",1.6,0.9–3.3,"renda mensal, shorts, todos os shorts (12 meses) (n = 81) · ESTIMATIVA",—
2026-10-22,qui,longo,tesouro e renda fixa,tesouro e renda fixa,LCI e LCA ou CDB: a conta de 2026 com imposto e prazo,definido no v2,,v2,lci e lca,1.175,9184,20 termos da família. 9.184 views da Pesquisa no vitalício (sobretudo em Q1WMbZZn2Ik); 6 meses: 1.175,,"Taxa equivalente, carência mínima, liquidez e FGC; responde '80 mil em LCI por 12 meses?' sem recomendar.",195.5,106.2–211.5,"tesouro e renda fixa, longos, 12 meses (n = 5) · ESTIMATIVA",Lei 11.033/2004; resolução do CMN sobre prazos; fgc.org.br
2026-10-26,seg,short,tesouro e renda fixa,tesouro e renda fixa,FGC: o que cobre e o que não cobre,definido no v2,,v2,fgc,0,170,4 termos da família. 170 views da Pesquisa no vitalício (sobretudo em uT2tgrjUvOA); 6 meses: 0,,"R$ 250 mil por CPF por instituição, teto de R$ 1 milhão a cada 4 anos; não cobre Tesouro, fundos e ações.",2.2,2.1–3.1,"tesouro e renda fixa, shorts, 12 meses (n = 5) · ESTIMATIVA",fgc.org.br
2026-10-27,ter,longo,renda mensal,renda mensal,ETF de dividendos mensais ou FII: imposto e renda de cada um,definido no v2,,v2 (título ou ângulo ajustado ao Ep. 1),etf dividendos,417,5748,10 termos da família. 5.748 views da Pesquisa no vitalício (sobretudo em Y4WHQiKcv1g); 6 meses: 417,lwV6tbkk4Cw (93),"Comparar como cada um paga, a tributação de cada um em 2026 e a volatilidade da renda. Guardrail do Ep. 1: o imposto detalhado é deste vídeo; o Ep. 1 só tem uma tabela curta. Título trocado (o do v2 terminava em ""o que sobra"", como o Ep. 1); o empacotador vê os dois juntos.",91.0,69.1–266.6,"renda mensal, longos, 12 meses (n = 7) · ESTIMATIVA",Lei 14.754/2023; regulamentos
2026-10-28,qua,longo,renda mensal,ações e empresas,Gastar ou reinvestir os dividendos: a conta de 10 anos,provisório (empacotador + teste A/B),Ep. 3,série de renda mensal,dividendos mensais,597,9150,28 termos da família. 9.150 views da Pesquisa no vitalício (sobretudo em tbKsF2qyakU); 6 meses: 597,IB1mBcF00jc (131),"Ep. 3: R$ 100 mil a 0,6% ao mês, gastar × reinvestir × meio-termo, ano a ano.",91.0,69.1–266.6,"renda mensal, longos, 12 meses (n = 7) · ESTIMATIVA","só aritmética (1,006¹²⁰ = 2,05); regras de 2026 da série (LC 224/2025; Lei 14.754/2023; Lei 15.270/2025; Res. CMN 5.215; fgc.org.br; Lei 11.033/2004)"
2026-10-28,qua,short,tesouro e renda fixa,tesouro e renda fixa,Quanto rende R$ 1.000 no Tesouro Selic hoje,definido no v2,,v2,qual investimento rende mais,43,273,2 termos da família. 273 views da Pesquisa no vitalício (sobretudo em Q1WMbZZn2Ik); 6 meses: 43,,A conta líquida de IR em 30 s.,2.2,2.1–3.1,"tesouro e renda fixa, shorts, 12 meses (n = 5) · ESTIMATIVA",Taxa do Tesouro Selic do dia
2026-10-29,qui,longo,tesouro e renda fixa,tesouro e renda fixa,Tesouro IPCA+ acima de 7%: o que é travar a taxa,definido no v2,,v2,tesouro ipca,1.009,26,32 termos da família. 26 views da Pesquisa no vitalício (sobretudo em KMIsVEOcaLM); 6 meses: 1.009,KMIsVEOcaLM (246; recebe 'tesouro direto' e 'ipca + 8' na busca),"TROCA pelos termos recentes (era 'Recessão em 2026?', com 3 views de busca no período): o que significa comprar IPCA+ a 7% ou mais, o que acontece até o vencimento e na marcação, sem dizer se é hora de comprar. Os sinais de crise do vídeo de novembro (tpobf1e1OtM) entram no longo de 15/10.",195.5,106.2–211.5,"tesouro e renda fixa, longos, 12 meses (n = 5) · ESTIMATIVA",Tesouro Direto (taxas e preços); IPCA (IBGE)
2026-11-02,seg,short,imposto e regras,imposto e regras,"JCP em 2026: já vem com 17,5% de imposto",definido no v2,,v2,,,,sem termo associado (Short de alcance),,"Saiu do longo da v1: imposto rende 16 por longo. O JCP é retido na fonte com 17,5% (LC 224/2025).",4.1,2.7–4.9,"imposto e regras, shorts, vitalício (n = 11) · ESTIMATIVA",LC 224/2025
2026-11-03,ter,longo,tesouro e renda fixa,tesouro e renda fixa,Tesouro Direto antes do Copom: o que olhar no IPCA+ hoje,novo,,Copom (versão pré),tesouro direto,1.024,26,34 termos da família. 26 views da Pesquisa no vitalício (sobretudo em KMIsVEOcaLM); 6 meses: 1.024,"KMIsVEOcaLM (246), tb0nwpl9mFw (142) e dHYQtxnMSrw (421)","VERSÃO PRÉ do molde (MOLDE-TESOURO-COPOM.md): o que o mercado espera (Focus de 30/10, divulgado na terça 03/11 por causa de Finados: conferir), o que observar no comunicado e as taxas da manhã de terça. Sem prever a decisão.",195.5,106.2–211.5,"tesouro e renda fixa, longos, 12 meses (n = 5) · ESTIMATIVA",Focus (bcb.gov.br/publicacoes/focus); CSV do Tesouro Transparente e site do Tesouro Direto; datas: conferir em bcb.gov.br/controleinflacao/calendarioreunioescopom
2026-11-04,qua,short,tesouro e renda fixa,tesouro e renda fixa,Copom hoje: 3 números para olhar no seu Tesouro,definido no v2,,v2 (ângulo ajustado ao pré),,,,sem termo associado (Short de alcance),longo pré de 03/11,Corte do longo pré de 03/11 com as taxas da manhã de quarta (o [*_ANTES] definitivo do molde); link para o longo. Sem prever a decisão.,2.2,2.1–3.1,"tesouro e renda fixa, shorts, 12 meses (n = 5) · ESTIMATIVA",Taxas do Tesouro do dia
2026-11-05,qui,longo,renda mensal,renda mensal,Dividendos mensais de R$ 1.000: quanto precisa investir,definido no v2,,v2 (movida de ter 03/11),dividendos mensais,331,4810,8 termos da família. 4.810 views da Pesquisa no vitalício (sobretudo em Y4WHQiKcv1g); 6 meses: 331,,"Capital necessário em três classes, líquido de imposto. Sem indicar ativos.",91.0,69.1–266.6,"renda mensal, longos, 12 meses (n = 7) · ESTIMATIVA",Taxas do Tesouro; IFIX; regras de IR
2026-11-07,sáb,longo,FII,FII,Fundos imobiliários para iniciantes: de onde vem a renda,definido no v2,,v2,fundos imobiliarios,167,7643,30 termos da família. 7.643 views da Pesquisa no vitalício (sobretudo em kipRQb0ksus); 6 meses: 167,"kipRQb0ksus (busca de FII, 2023)","TROCA da v2 (era 'recompra de ações', sem nenhum termo de busca e com o assunto que menos rende): como o FII gera e distribui renda, sem indicar fundos.",45.3,26.1–55.9,"FII, longos, 12 meses (n = 6) · ESTIMATIVA",Lei 8.668/1993; Lei 14.754/2023; IFIX (B3)
2026-11-09,seg,short,imposto e regras,imposto e regras,Imposto sobre dividendos acima de R$ 50 mil por mês: quem paga,definido no v2,,v2,,,,sem termo associado (Short de alcance),,Retenção de 10% só acima de R$ 50 mil por mês da mesma empresa (Lei 15.270/2025).,4.1,2.7–4.9,"imposto e regras, shorts, vitalício (n = 11) · ESTIMATIVA",Lei 15.270/2025
2026-11-10,ter,longo,renda mensal,renda mensal,Renda mensal com Tesouro Direto: juros semestrais e RendA+,definido no v2,,v2,tesouro direto,1.009,26,32 termos da família. 26 views da Pesquisa no vitalício (sobretudo em KMIsVEOcaLM); 6 meses: 1.009,,"Como transformar o Tesouro em renda (cupons, RendA+), com a conta do imposto.",91.0,69.1–266.6,"renda mensal, longos, 12 meses (n = 7) · ESTIMATIVA",Tesouro Direto (regras dos títulos)
2026-11-11,qua,longo,renda mensal,renda mensal,LCI e LCA para renda mensal: a escada de vencimentos,provisório (empacotador + teste A/B),Ep. 4,série de renda mensal,lci e lca,1.175,9184,20 termos da família. 9.184 views da Pesquisa no vitalício (sobretudo em Q1WMbZZn2Ik); 6 meses: 1.175,Q1WMbZZn2Ik (Short) e dHYQtxnMSrw (421),"Ep. 4: 12 degraus de R$ 10 mil, prazo mínimo de 6 meses, LCI × CDB líquido e FGC. Refazer o exemplo se o Copom de 04/11 mudar a Selic.",91.0,69.1–266.6,"renda mensal, longos, 12 meses (n = 7) · ESTIMATIVA",SGS 4389 (CDI) e 432 (Selic); regras de 2026 da série (LC 224/2025; Lei 14.754/2023; Lei 15.270/2025; Res. CMN 5.215; fgc.org.br; Lei 11.033/2004)
2026-11-11,qua,short,FII,FII,FII ou aluguel: quanto rende R$ 100 mil em cada um,definido no v2,,v2,,,,sem termo associado (Short de alcance),,A conta simples do rendimento líquido.,7.6,5.7–11.3,"FII, shorts, vitalício (n = 30) · ESTIMATIVA",IFIX; índice de aluguel (FipeZap)
2026-11-14,sáb,longo,tesouro e renda fixa,tesouro e renda fixa,CDB prefixado ou pós-fixado: qual rende mais em 2026,definido no v2,,v2,cdb prefixado,5,4557,15 termos da família. 4.557 views da Pesquisa no vitalício (sobretudo em 7CdwOTT7U3o); 6 meses: 5,"7CdwOTT7U3o (CDB prefixado, 2018: 3.928 views da Pesquisa)",TROCA da v2 (era o cobre: commodities tem n = 1 e nenhum termo de busca): a conta prefixado × pós com a curva de juros de hoje; responde 'cdb prefixado ou pós fixado'.,195.5,106.2–211.5,"tesouro e renda fixa, longos, 12 meses (n = 5) · ESTIMATIVA",Taxas DI futuro (B3); Lei 11.033/2004; FGC
2026-11-16,seg,short,renda mensal,renda mensal,LCI e LCA não pagam todo mês. Mas dá para fazer vencer uma por mês,provisório (empacotador + teste A/B),Ep. 4 (Short),série de renda mensal,,,,sem termo associado (Short de alcance),Ep. 4 (11/11),Short do Ep. 4: o desenho dos 12 degraus.,1.6,0.9–3.3,"renda mensal, shorts, todos os shorts (12 meses) (n = 81) · ESTIMATIVA",Res. CMN 5.215
2026-11-17,ter,longo,renda mensal,renda mensal,ETF de dividendos mensais: quanto a taxa tira da renda,definido no v2,,v2,etf dividendos mensais,417,5748,10 termos da família. 5.748 views da Pesquisa no vitalício (sobretudo em Y4WHQiKcv1g); 6 meses: 417,,"A conta de 10 anos com taxas diferentes; responde 'essa taxa de 1,50 é alta?'.",91.0,69.1–266.6,"renda mensal, longos, 12 meses (n = 7) · ESTIMATIVA",Lâminas dos ETFs
2026-11-18,qua,longo,renda mensal,renda mensal,Renda mensal e inflação: quanto reinvestir para não encolher,provisório (empacotador + teste A/B),Ep. 5,série de renda mensal,tesouro ipca,1.009,26,32 termos da família. 26 views da Pesquisa no vitalício (sobretudo em KMIsVEOcaLM); 6 meses: 1.009,dHYQtxnMSrw (421) e KMIsVEOcaLM (246),"Ep. 5: R$ 1.000 hoje compram R$ 661 em 10 anos com IPCA de 4,22%; reinvestir = inflação ÷ rendimento.",91.0,69.1–266.6,"renda mensal, longos, 12 meses (n = 7) · ESTIMATIVA",SGS 13522; CSV do Tesouro Transparente; Focus mais recente; regras de 2026 da série (LC 224/2025; Lei 14.754/2023; Lei 15.270/2025; Res. CMN 5.215; fgc.org.br; Lei 11.033/2004)
2026-11-18,qua,short,renda mensal,outros,"R$ 100 mil, 10 anos: gastar a renda ou reinvestir?",provisório (empacotador + teste A/B),Ep. 3 (Short),série de renda mensal,,,,sem termo associado (Short de alcance),Ep. 3 (28/10),Short do Ep. 3: as duas colunas em 30 s (mesmo tema de juros compostos do Short que saiu).,1.6,0.9–3.3,"renda mensal, shorts, todos os shorts (12 meses) (n = 81) · ESTIMATIVA",—
2026-11-19,qui,longo,cripto,cripto,Bitcoin depois do 'alerta': o que mudou desde fevereiro,definido no v2,,v2,bitcoin,56,43302,57 termos da família. 43.302 views da Pesquisa no vitalício (sobretudo em YxLzaSN2a1M); 6 meses: 56,JDtxzQthFlk (224),Os argumentos de fevereiro com os dados de hoje; 'posso perder mais do que investi?'.,58.3,35.4–117.2,"cripto, longos, 12 meses (n = 4) · ESTIMATIVA",Preço do BTC; regra de declaração (Receita)
2026-11-23,seg,short,renda mensal,outros,R$ 1.000 de renda hoje compram quanto em 10 anos?,provisório (empacotador + teste A/B),Ep. 5 (Short),série de renda mensal,,,,sem termo associado (Short de alcance),Ep. 5 (18/11),Short do Ep. 5: a conta e a regra de bolso.,1.6,0.9–3.3,"renda mensal, shorts, todos os shorts (12 meses) (n = 81) · ESTIMATIVA",SGS 13522
2026-11-24,ter,longo,renda mensal,renda mensal,Dividendos mensais com a Selic caindo: o que acontece,definido no v2,,v2,dividendos mensais,333,4558,7 termos da família. 4.558 views da Pesquisa no vitalício (sobretudo em Y4WHQiKcv1g); 6 meses: 333,,"O que muda nos dividendos, nos FIIs e na renda fixa quando o juro cai, com histórico.",91.0,69.1–266.6,"renda mensal, longos, 12 meses (n = 7) · ESTIMATIVA",BCB (Selic histórica); IFIX
2026-11-25,qua,longo,renda mensal,renda mensal,Renda todo mês com Tesouro e FII: a grade de 12 meses,provisório (empacotador + teste A/B),Ep. 6,série de renda mensal,tesouro direto,779,6814,39 termos da família. 6.814 views da Pesquisa no vitalício (sobretudo em kipRQb0ksus); 6 meses: 779,TY8oLvUt2Qg (324) e KMIsVEOcaLM (246),"Ep. 6: grade de 12 meses com cupons do Tesouro, FII e ações; mostra os meses vazios. Fecha a série.",91.0,69.1–266.6,"renda mensal, longos, 12 meses (n = 7) · ESTIMATIVA",Tesouro Direto (meses de cupom); Lei 8.668/1993; regras de 2026 da série (LC 224/2025; Lei 14.754/2023; Lei 15.270/2025; Res. CMN 5.215; fgc.org.br; Lei 11.033/2004)
2026-11-25,qua,short,ETF e exterior,ETF e exterior,Taxa de administração do ETF: quanto tira em 10 anos,definido no v2,,v2,,,,sem termo associado (Short de alcance),,"0,5% contra 1,5% ao ano em 10 anos; corte do longo de 17/11.",4.3,2.8–7.5,"ETF e exterior, shorts, vitalício (n = 12) · ESTIMATIVA",Lâminas
2026-11-26,qui,longo,FII,FII,Fundos imobiliários caíram em 2026: e a renda deles?,definido no v2,,v2,fundos imobiliarios,167,7643,30 termos da família. 7.643 views da Pesquisa no vitalício (sobretudo em kipRQb0ksus); 6 meses: 167,8xsUtGCE-vI ('ACABOU O SONHO?'),Cotas × rendimentos distribuídos: o que caiu e o que não caiu.,45.3,26.1–55.9,"FII, longos, 12 meses (n = 6) · ESTIMATIVA",IFIX; relatórios gerenciais
