tipo,periodo,inscritos_liquidos,ganhos,perdas,longos,shorts,inscritos_acumulados
mes,2026-10,573,922,350,9,8,165573
mes,2026-11,925,1274,350,12,8,166497
mes,2026-12,1107,1457,350,12,8,167605
mes,2027-01,1146,1496,350,12,8,168751
mes,2027-02,1146,1496,350,12,8,169897
mes,2027-03,1146,1496,350,12,8,171043
mes,2027-04,1146,1496,350,12,8,172190
mes,2027-05,1146,1496,350,12,8,173336
mes,2027-06,1146,1496,350,12,8,174482
mes,2027-07,1146,1496,350,12,8,175628
mes,2027-08,1146,1496,350,12,8,176774
mes,2027-09,1146,1496,350,12,8,177921
mes,2027-10,1146,1496,350,12,8,179067
mes,2027-11,1146,1496,350,12,8,180213
mes,2027-12,1146,1496,350,12,8,181359
semana,05/10–11/10,132,213,,2,2,
semana,12/10–18/10,132,213,,2,2,
semana,19/10–25/10,132,213,,2,2,
semana,26/10–01/11,132,213,,3,2,
semana,02/11–08/11,214,294,,3,2,
semana,09/11–15/11,214,294,,3,2,
semana,16/11–22/11,214,294,,3,2,
semana,23/11–29/11,214,294,,3,2,
cenario,31/12/2026,11590,11940,350,184,,
cenario,30/06/2027,3895,4244,350,61,,
cenario,31/12/2027,2330,2680,350,36,,
